Gene,FoldChange,p-value
NM_001037671,2.83953550717857,1.5405136975156267e-05
NR_024111,9.633332829560102,2.277075044111295e-07
NM_052889,2.5847752499600656,0.027659375846864585
NM_001320878,10.179632087516406,0.0003453464237899243
NM_001136266,8.931796089458585,2.011211697324267e-12
NM_000743,3.806580511835516,1.2241785982938424e-11
NM_001267810,4.1044539338862505,9.206588661333062e-10
NM_030587,4.760470794620968,6.435916004911804e-10
NM_001195101,5.823102603921454,2.8166991915102346e-10
NM_001012642,2.1150937382430968,2.1619806409075983e-08
NM_006984,36.22149601722142,4.219969984372669e-10
NM_001017970,2.5535387300980372,0.003165524115346317
NM_005439,4.745002986373093,8.593715978231378e-12
NR_144540,3.6508432727532836,0.014771072634859734
NM_001494,6.642657521968517,1.165113269559258e-13
NM_003435,4.392523587885795,0.028452020314292076
NM_003847,22.40754609055999,5.7233149550778974e-11
NM_003393,47.55030779293319,3.7704324749144737e-07
NM_030943,6.816639263609826,5.669253482977133e-05
NM_001039847,8.196704886099013,2.5228604824158606e-09
NR_120499,4.406165175944695,0.036826931111959546
NM_001008226,4.627683931025288,6.430904723364336e-13
NM_016091,4.046276016859914,2.523317401411696e-12
NM_004960,3.021720309130256,0.0017855464313188958
NM_001321358,8.11679512607726,3.917237946847997e-15
NM_022479,2.271692649411435,5.91732170555634e-07
NM_004368,8.555080232840176,1.0026894070649912e-10
NM_022338,2.330598781729093,5.473380956507026e-06
NM_007195,353.4445716834838,0.037518056255043876
NR_130926,2.606095085866136,1.3640032241816733e-08
NM_001258437,8.270375175506171,2.600599478633283e-10
NM_000442,2.7832232670859947,0.0013395785707204391
NM_002180,3.692979812903675,0.0001134202307017197
NR_120367,2.3511728199980033,3.858746789378592e-11
NM_022054,5.30404293656145,1.6735979943675097e-10
NM_173178,186.58922607454934,0.0004622365206660898
NR_036611,2.4355017041274976,0.0017800390375870118
NM_001291277,5.594556142559694,0.00024945690904503733
NM_001311203,3.692334068706691,6.51351866153971e-13
NM_001101389,7.162176843148149,0.0040338196582609545
NM_004126,2.472600141856966,0.00041102218507064445
NM_001256790,3.669756901534171,0.033253920451767206
NM_001190987,3.038002910213908,2.325923016417688e-08
NM_004259,4.90310036405925,6.121660262577142e-07
NR_034168,3.0581205774332223,0.019820947361987022
NR_028500,2.1663977833694954,1.5006878782852111e-09
NM_001660,2.2444657739676654,1.9109235135247055e-09
NM_000380,6.421816868799441,0.0047400450332987076
NR_132768,3.2718804422338796,0.0023276558826678746
NM_206918,3.51980700280066,0.0004601103035491955
NR_024172,3.196681225547304,0.0002645279635309673
NM_002975,4.354540739817239,0.00010193100420734255
NM_001307936,2.053366815684917,7.216770663719784e-05
NM_001203261,7.269755224802875,0.04007872517861542
NR_039858,3.349670533273642,6.409836264443029e-07
NR_030351,3.785318701160913,0.03296945206612344
NM_002883,2.2185334176170954,0.028172799005035623
NM_001256421,3.089691376379795,8.350503741902386e-10
NR_075071,3.806295661937535,0.0021621242113045746
NM_001004484,4.908739306042066,0.0016539615899123375
NM_001286725,3.4583918266269906,2.552731180769433e-06
NM_001171931,4.714380436201104,1.5659700304520143e-07
NM_001145719,10.495797387190889,3.224162785820575e-12
NR_125417,4.185014920496193,0.010856888020147658
NM_021128,3.0156485167866345,1.986737358468935e-05
NM_000446,2.9765614175467774,4.563438527347035e-05
NM_021999,3.5841589879964095,8.613993931813804e-05
NR_120576,14.39908932600557,0.005858436440003543
NM_198568,2.8067141760927146,1.8717625233483416e-08
NM_002541,4.411955531623789,0.0024451692156369264
NM_001143839,5.665165125109869,6.05146848033693e-07
NM_175573,6.060804321120924,4.799809545179891e-06
NR_040434,4.20822388968411,5.146075617857852e-05
NM_207040,3.4290436716573933,0.0031276635077067566
NM_001302510,2.0990865579208977,2.296833127774166e-05
NR_104137,3.7524489360706608,0.008286180717965426
NR_046516,3.3850099372559095,0.021196905046279194
NR_120622,2.7019060226221767,0.017394200004740262
NR_125970,10.763767558372011,0.004366257887631336
NM_004124,400.86651304634665,0.006285418398693349
NR_003551,2.5194832428594713,2.5803188812614095e-06
NM_001136135,2.0138270060318226,4.1823513708424834e-07
NM_007104,2.1880213168759193,4.75843727242762e-08
NM_004549,2.442064161647117,0.00048204931549064974
NM_020358,2.8287608752084568,1.86866746418787e-07
NM_021255,12.348884817440053,0.005267406844313967
NM_145715,2.937947974406268,6.975032353663768e-06
NM_001113349,3.9091537508244283,0.001700197893288021
NR_034078,2.2642277212099144,0.035201895767973404
NM_006435,10.634560689770414,1.1794043814188005e-07
NM_002306,2.925013849577438,8.341226704974696e-05
NM_178862,11.496271651913279,2.0944279879341657e-06
NM_001242794,10.326401743299067,5.058465772631123e-13
NR_029604,13.470799272663648,0.013406756384375124
NR_003610,5.158938851186545,3.4300385540767463e-05
NR_135589,2.263897206220417,0.036146965225465164
NM_145059,3.447073237111849,5.727687813264345e-06
NM_014080,4.759180182416294,0.04389374407571008
NM_016429,2.300753009485394,0.0002913468585244673
NR_003023,2.7708940182135042,0.031413509858720726
NM_018509,2.4175007366500014,6.357003377896007e-07
NM_000938,2.8545796593017836,0.00046186533932485364
NR_110995,2.0131707616659926,9.131761272197955e-06
NM_002633,3.422768478136096,1.5205491427804923e-08
NR_103728,4.428220065373438,0.008323133099904137
NM_001079534,5.441184842750626,2.6028933578271977e-12
NR_047026,7.015877944232163,0.00044356504162012064
NM_001142601,4.851991241509149,0.0029362343210469917
NR_135190,2.659231813845552,5.360513194763031e-06
NR_104672,7.113086215177138,0.0025063745293578995
NR_135547,34.74605457006331,0.002882976307189366
NM_032906,2.2351999074406836,1.4369791223247488e-05
NM_001007099,8.444490323132902,6.707477357415998e-09
NM_001321276,2.03180776952287,9.755126746826967e-07
NM_004450,2.837693352851376,3.9527232345747275e-10
NR_039724,3.148045189048016,0.04474395772518558
NR_120417,10.846694324131557,2.061568796209004e-09
NM_001098531,7.164144843626454,0.028446444472121853
NR_024406,3.5048245406800738,2.140458194156058e-11
NM_005459,4.753567155271051,0.0028338921251473363
NM_001308275,2.685000900669083,0.0002586028469360097
NR_036177,2.9805892922783466,0.048185279153283626
NM_022465,7.57691085012433,0.010156555953005157
NM_001003697,99.44658275579084,1.3188444526077483e-16
NR_033227,2.2414578318239773,7.148546296894528e-07
NM_080648,35.46427410193842,1.4174534474176463e-13
NR_132340,4.66157392857833,1.160968232178002e-08
NM_001098209,3.136538546750205,2.0762548579159066e-12
NM_003185,3.0581689726708317,0.005127108005939097
NM_005029,5.3683388359254,0.00024270393779063658
NR_038882,20.425456625566248,1.107527747880415e-11
NR_034101,6.8696522787678775,0.0038640429818728645
NM_002080,13.054780667290384,2.1518756016923093e-06
NM_003448,63.56956762994514,2.734609189070706e-09
NM_012106,4.7840769919861,9.551168182643578e-09
NM_001315537,3.359354265840051,2.6226610771160993e-09
NR_026847,12.983454302250314,3.6332338285533333e-07
NM_001102612,2.4085279828212904,0.005836015561621694
NM_001301033,2.3864017703893046,0.000606832244406698
NM_016303,2.2154171545256496,3.926837911871042e-07
NM_001161587,7.393109068839723,4.471150190482729e-07
NM_001159747,8.45505298692945,1.3750887443660894e-07
NM_001130446,2.1767594101983674,0.007514886938820811
NR_110837,2.12294840441298,1.5237558239603954e-10
NR_021493,2.5895156963963073,6.18937164386762e-05
NM_001081752,3.1289603632654073,0.017131120255426707
NM_002804,3.2664249473049387,1.1076718903421813e-07
NR_135071,2.479231045312712,0.04246913308143465
NR_034128,22.742090373982712,0.0013517567244189616
NR_144451,2.679789661348129,1.2763673047802416e-09
NM_001323511,7.248612357380092,2.4239269043262436e-06
NM_138940,13.394621285142719,0.0010315879134706316
NM_152723,2.6844323928715714,7.789973230663735e-09
NM_032503,41.88836485612874,6.265017988516897e-08
NM_178135,3.241968916241697,1.8099270110608191e-09
NM_001127216,18.29722054510581,1.7442659430786952e-11
NM_001013627,2.9647279086503047,3.358896336034866e-06
NM_001318472,2.933273301618308,2.4225093968343044e-08
NM_024656,4.225332812555612,8.560585119296123e-06
NM_182496,4.4824846081939755,2.0167225153209833e-06
NM_017907,2.968828531442937,1.0935470833004858e-09
NM_018206,2.40270914077799,0.01653090638351253
NM_001271855,3.0954920658742044,3.0925602970468435e-07
NM_001131066,2.753978894826139,0.00020228998323186883
NM_001038640,2.180987673489983,5.372041761200518e-10
NM_024922,2.3584158206246166,7.349396905002196e-05
NM_001010977,3.2231987963120408,0.002861891994396333
NR_037672,2.0004731790750703,1.990333134541756e-07
NM_004924,2.013862050014481,0.0002651824647734919
NM_001278710,5.137575952327912,0.0001586321337622349
NR_130152,2.2831823816991172,0.0005008318964810896
NR_037716,14.234028156432373,4.783491016605671e-11
NR_104673,3.7248927260858613,0.015940893224702025
NR_121626,10.722360166197971,0.0064633744082242105
NM_001272103,3.5281823800206755,2.934831870884224e-06
NM_001145713,3.4682183974830614,2.2681144475098502e-06
NR_104678,5.827835205723827,0.011032247681059109
NM_001320646,69.10017088406346,9.606809771792451e-11
NM_001271781,5.9389343843559805,1.6086858642347184e-10
NM_006442,2.173372611820134,0.00039234362555906047
NR_038982,6.347694097266458,1.10140893562269e-06
NR_033969,2.3343496739905656,0.002616656827155829
NM_001166349,2.0259628678498847,4.575944953290662e-08
NR_038996,6.103254672310057,0.0016557080760210598
NR_121581,6.678550989455122,0.001666880085686865
NM_133635,8.637160101114405,7.724679603737482e-06
NR_120618,2.0205138027269607,0.03560976509816207
NM_001160706,2.677104057208502,4.185668656989611e-12
NM_001300727,8.230737313145326,0.0028137889458429866
NR_125843,2.2459235818254912,0.015725455955010965
NR_003138,5.165058036423148,4.975493286142153e-06
NM_001160308,28.302686495190198,0.028960881072681077
NR_126420,2.8727162195396025,0.012998814434115926
NM_001040666,4.051679808040716,0.0006465060012104806
NM_001282,2.1764672694065617,0.0017242383810958598
NM_181538,2.3689191819380517,0.006676768996769186
NM_006400,3.1578350954653347,9.278364258132056e-14
NM_004048,2.47513681171616,9.403334773019011e-05
NR_038318,8.330373733981984,0.00859942055025104
NM_001282598,29.75840766033722,1.3355363635462838e-10
NM_199444,6.007695500373261,4.113164418691835e-08
NR_003599,43.22241495572536,0.00018740602921187108
NM_001128912,2.708553309214589,5.116645366116122e-11
NR_036580,17.9453768733493,0.0021489540035961713
NR_110178,2.6534344656217526,0.015087176128741088
NM_001131008,2.003193402035932,0.0007778924319040853
NR_109802,5.628799709400948,7.523589914046863e-05
NM_016308,9.584607635605849,5.897247927834297e-08
NM_006570,22.92425672801378,1.7637448170158565e-16
NM_006937,6.6798215059495485,1.678446288587268e-07
NM_022159,17.344103180978344,0.00022026944146766572
NR_002584,5.722022454632675,0.02337913621545854
NM_000912,2.4453390006981826,0.024022470047275826
NM_000884,5.951759283629354,4.9055909926426143e-11
NM_006431,2.7858629512267017,2.553440159819481e-07
NM_198521,5.095662036633253,0.00026904967951501836
NM_001659,2.816878640793839,2.635651121677845e-08
NR_110693,5.268775838234987,8.782640064429452e-07
NM_153636,27.714756344349087,1.4477337479915204e-08
NM_001127228,5.277972801147696,6.069451744632161e-07
NM_001009905,3.491487878651011,1.4790695018050975e-12
NM_181449,2.6232547118358496,6.138704845747537e-08
NM_006819,2.586500913003907,8.503211780146103e-06
NM_017454,10.558473240332816,1.4773016216092912e-10
NM_000182,7.216889630900604,3.77249866711997e-11
NM_173536,36.55609495909616,0.023154248867498225
NM_001139514,2.6500872069723838,1.1244005255593008e-09
NM_020932,5.112124044271136,1.1996849717204771e-08
NM_013245,2.954705344523562,3.471113993543359e-08
NM_014951,2.6156248526550914,0.0007376486371892918
NM_000670,11.529511406977884,4.835775710915815e-07
NM_006239,3.3674866037638878,1.7529654359017264e-10
NR_120675,2.5007986851512127,0.021913237730207476
NM_000789,14.762946005599382,0.0024714485738448243
NR_002993,2.973978514867827,0.045260742439805796
NM_002165,2.9392520460140403,0.0009098014951974358
NM_205859,31.751834449535767,0.0007904502747140215
NM_001111285,3.275993811573565,0.0031790350257466745
NM_000520,2.379408525205815,1.0214734210453407e-06
NR_029429,4.472811281083112,0.008688997805647355
NR_073597,2.8049685273309914,0.04621118968552205
NM_182526,3.0535136499334863,3.374909778153918e-05
NM_002295,2.51986470069875,2.822522581005915e-06
NM_016395,2.161329519019012,5.7411164043253986e-05
NM_000269,3.1074750096096966,1.3747564339832665e-06
NM_001129,2.1973379124409753,0.0003260788618000371
NM_152587,5.462833904548101,0.0017807264832000141
NM_001308176,10.109556821253925,0.0017627575863665122
NM_012469,5.713341095224919,7.241869058628053e-07
NR_110162,7.271129205099308,0.005791413687769627
NM_001281484,2.618738555262293,0.0008588292564847495
NM_031301,2.8637405590669402,0.04141020554032539
NR_024206,2.1884465876417667,0.014031748339459285
NR_102424,2.416175290337115,8.9215771726266e-06
NM_001002243,2.5087780918683937,0.04886223122402284
NM_001258002,91.96202969559147,0.00021115986563295127
NM_014157,5.638347388575547,0.004637108690857664
NM_001270447,3.1188044862333855,7.540799951854519e-10
NM_177542,2.759474748013315,2.7420292697856675e-10
NR_121193,4.375544714190817,0.010832588380541523
NM_000916,3.8010533146593195,0.03300269101894424
NR_038986,2.2700474431664426,9.388467342806198e-07
NM_012213,2.016603332086848,1.3618750231127775e-05
NR_031631,2.829396086818808,0.04835989236262382
NR_131204,4.359713343429205,0.011978166822337039
NM_001284275,2.6578351145387566,0.0007661207828114553
NR_110150,2.075050117555318,0.0006006603504128209
NM_004077,3.8584024286901757,1.8825002700549525e-05
NM_001018004,2.4365866207263367,5.0963278592874975e-08
NM_018462,4.864907039793935,1.2654089275248404e-14
NM_000765,12.17885657238075,1.853868148007741e-07
NM_013260,6.20001817446472,0.008100286354172459
NR_106731,35.23277786822548,0.010027970447834506
NM_001697,3.824750353141313,5.689920975485051e-13
NM_000761,2.2153902330089625,1.5821591793048972e-10
NM_001110199,4.365521320948494,4.523981565261967e-09
NR_027686,17.64453295134029,0.0005373725137858075
NM_001282483,201.20271767376806,7.01673375605756e-08
NR_110213,2.069906507044626,0.03216778123474139
NM_001276290,3.0781286355982096,2.3937708350317967e-12
NR_002917,8.391757115934709,0.015375259636444451
NM_001285461,13.231053647207789,2.174142343083994e-08
NR_126425,4.095500515664796,0.017162084423040642
NR_038912,3.559877869959397,0.005875270725414076
NM_001118890,2.3132257502430735,0.0240811320904668
NM_032808,2.70955658062582,5.975657193072319e-12
NM_145248,7.891680878954597,0.0027961211884997123
NM_030630,2.2603861002282875,1.3764682428575508e-08
NM_198216,8.76639989501786,2.1849127742215581e-07
NM_001005210,5.4891748682006325,0.004998865536321216
NM_001285389,2.1715231064325398,0.018768968551037296
NR_024402,3.9560037889247797,1.3947359293909363e-09
NM_015965,3.0190114528227703,1.138718595665193e-08
NM_001320772,11.429851868836838,1.8985026497677162e-05
NM_030792,3.987691374554835,9.638411258704623e-09
NM_013241,4.466263594269686,0.01748219802495956
NR_026715,5.621394951120923,0.006114834764982462
NM_004705,15.518237108712485,7.64088211685974e-05
NM_005472,2.0007926129195304,6.222838631946591e-10
NM_001276453,2.46997731907042,4.419430521187653e-07
NM_001539,11.10910623982179,1.0778268857840126e-11
NM_178539,2.0669214349369414,0.0030585838035843277
NM_005729,6.988065273656159,0.009142638679579516
NM_020882,2.0495984019612323,0.002946928160350131
NR_026712,2.0218306063655302,2.231830678027599e-06
NR_110115,2.5984356037251977,0.005500706950412795
NM_001863,3.160600472994494,1.9162961608350014e-12
NM_005782,3.3473651722191824,0.000989247100404161
NR_130914,5.630737273800298,6.624808239228852e-13
NM_005222,4.223406667609323,4.932085224438935e-06
NM_001026,2.1660384808416935,1.0490131985104202e-10
NR_126424,4.539118095501662,0.012602812774019164
NM_016127,8.346607554939098,8.332791360435415e-08
NM_001014433,2.1531763583277574,5.302290796939263e-06
NM_016038,2.4420217981340726,3.039862872470636e-10
NM_006988,2.41114807051023,0.029816559273237023
NM_022766,16.946196493404077,0.04204590208944206
NM_001270398,2.7525991818299707,0.0001884057984948532
NM_004655,2.7506214989525293,0.0020761246466972504
NR_133656,2.8856382398347953,2.626585433980161e-08
NR_038220,3.69409561286084,6.942663454259932e-12
NM_178273,2.389124732563941,0.008682678626742825
NM_001278553,2.0783470677196707,8.345057006862872e-09
NR_029380,4.17129952456929,0.0005175129731771232
NR_038409,11.901579122569611,1.5748273145404585e-09
NM_001284363,16.570376302533088,0.0096626296955649
NR_039891,2.669179139506658,3.860682092429191e-07
NM_138800,3.1049337477707457,8.195014294544343e-05
NM_016591,2.7329993293694077,7.037992363170877e-07
NR_033424,10.71021793448626,5.0371564629027445e-06
NM_001004485,4.185248900068877,0.002970602394999395
NM_182541,2.2023116986064504,0.02947298656926057
NR_039969,2.355165832531167,2.5231470389656556e-07
NM_006947,3.1227396614422895,3.371999080920567e-05
NM_001288563,4.819466792213896,2.419830195073139e-12
NM_005809,19.227959057201648,1.1981971553497795e-08
NM_004583,3.530221197356648,3.3232331741295007e-13
NR_119375,6.526124804688447,3.59559596043104e-13
NR_002147,34.03162777150102,1.3447302955259384e-08
NR_033175,14.744938436063602,0.00020969479777082636
NM_031314,12.551676502869173,3.479172616862184e-08
NM_002495,18.614043752653508,7.662319328320709e-16
NM_001243731,17.257116728810068,2.9824694341469334e-08
NR_026662,4.900312239970661,0.004149486138904702
NM_153209,2.834705740492726,1.344767781448027e-07
NM_001173468,6.243038372298404,1.5645833124647605e-15
NM_001017924,9.596522299307223,2.6144341885268954e-13
NM_015686,3.110141835667241,1.4382927472711762e-05
NM_004181,6.738956764454116,0.006032027031891045
NR_110622,2.704202536902456,0.00031839611434817316
NM_001001790,7.507728492236363,1.8897302930114045e-09
NM_001009811,11.919974762754618,3.480314816032213e-10
NM_032579,2.916136846212406,0.020033756112127214
NM_000799,3.1103290369360574,0.0010096304929469958
NM_014258,15.246727701716015,0.0028294682789932885
NM_001004309,2.3873084575445014,5.3291132924048005e-05
NM_002798,14.263536540747433,1.1532117169226135e-11
NM_012264,16.255980063543316,2.8344245631517704e-05
NR_109803,2.2745209786144707,0.04712430017023582
NM_001207,2.4523942960224816,1.5702722126816848e-13
NM_014431,55.35072331680548,1.4805717609145333e-06
NM_144999,2.3351301548499213,3.0708181452965255e-09
NM_145040,14.712664683681423,1.6826355085624615e-06
NR_027471,2.486802573266735,3.211425695923475e-06
NM_024790,119.93236532886174,0.00014195150605746966
NM_007279,2.916419517095946,1.042537425860089e-05
NM_006854,2.7976564041924594,1.1186925073077356e-09
NM_001756,2.3061710573266625,0.0010447696113387369
NM_145200,2.7114710118641745,5.6473336290967126e-05
NM_001195139,2.6449707403083225,0.00032248228136278915
NM_005318,7.98770211358978,3.167509079784091e-09
NM_152909,2.090264451024734,0.036027672654007525
NM_001272062,11.402732259276734,0.006689863639322938
NM_003973,3.0286775869530005,2.6227210280897395e-13
NM_203499,2.1379690183673747,9.147932642000627e-06
NM_001008535,18.316652326821906,0.004850086171561038
NR_003613,9.119976975900297,0.0016832110740526657
NR_110652,6.606921929186762,0.0007201921602815003
NM_001317851,14.510240022427585,0.04538956790067952
NM_198510,2.4287672096961574,0.021185681866198503
NM_003236,9.293011102691892,0.02642775989561175
NM_001006938,4.66739638525719,0.00010675431599855932
NR_135562,2.2358675779721593,0.029008542529553785
NM_003239,4.320640835262087,1.4945648946073834e-07
NR_126387,3.1035935730034074,0.023791589536370575
NM_001017957,2.244419168763021,1.3758090581693381e-10
NM_001271756,2.0004375159846526,0.022486186623141096
NR_036659,5.9081659624478915,1.0584377683639785e-09
NM_018975,3.965372968095543,1.6222142993672858e-07
NR_134602,7.509064643578922,0.006589434541759406
NM_001009,2.0084471700669737,9.469453037803901e-08
NM_017421,3.6021853555353753,0.041847134002269123
NM_030581,18.544153617823554,1.0041667823597772e-05
NM_173161,61.11743611292752,0.000545013590837428
NR_015394,9.717138953949629,0.00021071948023676306
NM_007285,3.990304826259001,1.797765526182659e-07
NM_001306141,2.2634953522521966,1.6349863165223956e-10
NM_001346544,2.0459735995284984,1.5058478643881162e-06
NM_017439,2.820409537100047,7.935219269808206e-11
NM_001031683,192.39268183104983,0.00010885679464827186
NM_021148,2.9269916792638586,0.0006872959629077829
NM_152996,2.8704291304997858,6.04059577705227e-11
NM_001077619,5.307379811201354,0.006323676766086913
NR_125418,3.696157575572771,0.016883725330745943
NM_001005326,2.5093785499811534,0.0104761605457266
NR_110209,14.883377668924137,1.2939006907742692e-08
NM_057162,3.3534098885685975,9.007170735268823e-11
NR_038888,8.876318740425274,4.346493480543401e-13
NR_104626,3.4138235749178705,0.001967188725690506
NM_001029859,8.228380342556822,1.273735533213503e-07
NM_006445,4.004607098219657,0.007919545868059536
NM_006304,2.270805517889464,7.718652542461304e-08
NM_018228,2.8426053239536038,1.990330545611498e-09
NM_001144074,4.41199410613079,5.346861969646589e-07
NM_152278,4.026313936505105,0.03247031791296839
NR_034169,3.2325313946763496,4.782191884971882e-06
NM_001321473,5.622515740706731,2.0829897735151416e-06
NR_126391,4.331389566645882,0.018319854607902485
NM_001307924,2.0904120749744157,4.932454461563484e-07
NR_134250,18.867083403979823,0.004077547796413675
NM_053034,2.607561951341758,0.00011580379298307162
NR_045118,2.866412099061686,0.006536788861319596
NM_001017520,7.332237718014564,4.061361086052181e-07
NM_003620,3.0515754962203125,0.021080507647193093
NM_016287,7.94231837131268,2.7377712236724265e-09
NM_152222,2.8463674401972283,1.3229223105335049e-06
NM_153225,4.031806402780334,1.1837524880348931e-06
NM_182759,84.59027484949215,0.00045663603689704516
NM_004255,3.992121702957438,1.1856224878968274e-07
NM_033547,3.539513880610029,4.071772050670061e-08
NM_003015,6.917072850569378,2.4407778716216577e-06
NR_029403,2.377193064296443,6.963454597057975e-08
NM_000937,18.0776347439867,0.02968447184713035
NM_002674,2.2010079858060436,0.026980651006724487
NR_110165,2.2121685384535836,0.006943618887546979
NM_001135000,4.956315965728913,1.5738762148247895e-07
NM_000454,3.1527735644909622,1.52770348353571e-12
NR_109875,14.214154728977572,0.0022238048290683455
NM_001300971,7.064383956052661,1.381552991768012e-09
NM_001293205,3.0120688794489148,2.7959739129957586e-07
NM_015276,4.826833080166051,6.423544006749679e-05
NM_000975,2.4285509178124403,9.948970463267084e-12
NM_024619,6.177797458361718,0.02756131024785024
NR_073503,12.923454959969796,1.1895742600934077e-09
NM_001272053,4.506819969202873,5.359247404758215e-14
NM_153259,6.286172757791965,3.6048719030981223e-13
NM_001300,6.5052141747675725,4.331433952008102e-06
NR_120385,6.3063806800678925,0.0058269655473815836
NM_001042784,4.808454390576402,5.311197347274267e-10
NM_020531,3.9005478979257644,5.175263637087511e-09
NM_001267582,15.372327561094757,8.265589239136125e-13
NM_001080449,7.925199054580515,1.263340846242442e-05
NM_001032293,18.271237970772518,6.691888403675989e-13
NR_024484,2.5692493517944017,1.3322637378977929e-06
NM_020150,2.0816663483480573,5.1878629912464285e-05
NM_181702,12.255145183890267,0.001028129557287639
NR_033417,6.099198947516747,8.533760115153028e-06
NM_001257317,9.270185319589514,7.785060926410265e-05
NR_110227,2.3518906444051537,0.033776608677501235
NM_001059,27.355911692451972,4.956022511503328e-06
NM_001204089,2.3411313772135967,0.0023641178544645722
NR_047487,2.0709214598371646,0.005598401160776911
NM_014485,2.6655528155818224,0.0002278126979294886
NM_002786,29.33140408808593,1.96214499382944e-14
NM_006908,6.356543159470261,1.264401205159963e-13
NM_004587,3.2185941554654773,3.6729711106374615e-08
NR_134634,3.066999414782298,1.5378032005090515e-10
NM_015994,3.454345809497645,6.20545841393954e-10
NR_047515,6.5806052995204345,0.00010564986403026726
NM_004930,2.4788300814295616,1.331363198272015e-12
NM_152630,2.926562156721049,1.2865878147955773e-12
NM_001330654,3.3600833609339267,4.728206819455494e-05
NM_003480,12.590865457983217,0.002751604519926649
NR_027933,4.784715076831607,1.3214652513880709e-08
NR_038274,3.454838363650633,1.0609493501982554e-11
NM_020879,3.1081572834228925,2.681613745148733e-10
NM_001161812,3.4617656866455073,0.004954342060135268
NM_001256401,2.9986842310474557,7.815130465742617e-09
NR_026694,4.023901479434284,0.0008606070529464812
NM_001130183,2.385430429888006,7.311364008167415e-11
NM_206926,4.204072142713451,3.0056920623709924e-05
NR_026556,4.02586977784769,0.04321488385945787
NM_006914,4.743606095636353,4.2927029020079226e-10
NM_006237,13.67459101247228,3.1135805637867435e-10
NM_001008273,224.48026618347808,0.00027370969670222436
NR_110124,2.2697150777770867,2.1189938582994964e-06
NM_017589,10.765659374055787,0.0009797313087029213
NM_001005404,5.442514961983798,0.015441142581904639
NM_004884,3.9317226882434175,0.00016513456360663193
NM_033429,11.178513340659036,3.367999733969e-05
NR_104671,2.4291068256020796,0.031095350317127457
NM_006886,2.039708176667929,4.999162636518484e-11
NR_024129,4.440039867538363,2.2215455809516917e-05
NM_001220777,3.111942027771161,4.793223652734999e-05
NR_144461,2.9816077542130364,0.019515653207404695
NR_037626,6.541396464174645,0.002314242680192675
NR_039713,4.954663177789352,0.024713991883139077
NR_120624,3.969809493869599,0.002644841622125053
NM_001284237,5.026025649677608,1.983415584881629e-06
NR_002963,11.915069464169573,0.03869974258407115
NM_001346197,126.44983020290296,1.1977571939979576e-09
NM_001142770,12.799962429770256,0.0045345691804180195
NM_006708,20.387244497405096,1.3307189589201059e-11
NM_001404,2.228491203488946,4.267619675705974e-10
NR_031641,2.907780568941048,0.04969572940742191
NM_199243,2.025022522031553,0.005607775576039031
NM_002952,2.149489603171124,0.00016032158224664938
NM_001282605,3.3370658561253284,3.67542848798232e-07
NM_006721,7.453633280286378,0.004199912290265015
NM_001082575,2.302412934734015,4.9859786395890714e-12
NM_001418,2.114397499104972,1.699665022115492e-09
NM_001040428,2.1649386348252504,0.0006819297993398249
NM_001024,2.004537638345834,3.2396638284469223e-06
NR_029515,9.815238432684582,0.015235712560329724
NR_040050,29.467695271790582,5.207437514916766e-08
NR_134601,10.430305954288402,0.0070947171667512954
NR_046370,17.00143376652222,0.004254956038148433
NM_006356,2.2308047113786067,1.2639898689934402e-09
NM_001256264,6.053888925486182,7.859345176365598e-06
NM_001174066,3.9889758730664364,0.001037891977589169
NM_019896,8.416337943056789,0.00021427335029005454
NM_001330375,2.6197147249093393,0.025188847089112808
NM_001102667,2.59704688170181,3.8429138081265986e-08
NM_006980,3.2760378742449814,0.00018316159572367258
NM_006755,22.200917273203277,5.1985938701119015e-08
NM_152317,2.7182353935893007,0.004425016420087847
NR_130724,3.756425722939335,0.000918311945003616
NM_183352,3.5315702407899403,6.092775121829951e-11
NR_033968,4.734202211412841,0.03227586079431561
NM_152385,4.033713117668918,0.012156639187800654
NM_032505,7.842662894171325,7.627897273990127e-05
NR_027374,139.41999829657766,1.9897359768684157e-06
NM_001143985,6.202073187750675,3.4111106881058827e-07
NM_000986,2.231372014113038,5.009410054871579e-11
NM_002781,2.703275025329445,0.0012063665311283424
NR_026868,8.757719856333011,7.495712979105167e-09
NR_003506,3.437292120174872,0.006638318509196076
NR_026819,3.079702346080075,0.002779590972197477
NM_003088,7.740825833643698,1.783832695957075e-06
NM_138333,6.147210927945788,6.369174628607616e-05
NR_031589,25.28856639644452,0.04890899980776591
NM_006010,9.246506337734868,9.964753365403203e-09
NM_014861,13.669420101434978,6.02646413217256e-13
NR_135290,3.038027595949684,0.020334145465790012
NM_001080532,5.297839781390375,1.4754487850830445e-12
NR_034119,4.17621635808969,0.003595922081842791
NM_001865,2.376637791016492,2.1868270928320904e-08
NR_134454,2.1337691744574405,0.020684571136711384
NM_031293,2.314164814392516,6.674745938065357e-08
NM_001130,3.9969214335962446,4.374267017494909e-10
NR_033375,2.581940007843066,0.025120053493027306
NM_003797,3.784663762353027,7.46962546958598e-06
NR_031747,4.769283873495141,0.047409484744929994
NM_000197,2.3022700367265556,0.007164514556024408
NR_015399,9.138097577455293,5.9331035094859315e-05
NM_001028,2.0656618209946265,2.9804475907965026e-07
NM_001243211,83.14870128206142,0.000626952233707641
NR_039808,28.499792039409943,0.011022343198344399
NM_203397,3.8784648999334674,0.0003299616295002743
NR_039690,88.81766585341414,0.009638194763572867
NM_177535,11.35579471041383,0.006711214149566313
NM_000339,7.476960340558997,0.004306365686180315
NM_001278491,86.52629415535456,1.1592400305421538e-06
NM_031450,3.7329636987256327,4.09839501296458e-08
NM_178841,2.2991315844248206,0.0006472587615049944
NM_152475,2.646327184109909,0.015008346982397483
NR_135692,7.466070071670925,7.519943056124574e-10
NM_017704,4.331953284092136,0.0004349223861454337
NM_024410,2.9264981083281394,0.005623512807206695
NM_003022,3.286750222340174,0.004029709632430467
NM_198498,32.38500643968813,0.00023295919623895968
NM_001171507,2.20195530299628,2.6125827582548757e-06
NR_048564,4.837614183378029,0.00021257110852493713
NM_002951,2.113590247086131,1.0293485969174033e-10
NR_033557,11.349927223704132,0.00011801077070171352
NR_039649,3.7571355884427104,0.03352692180411374
NM_001164189,2.664230599513271,1.067467421591516e-06
NM_001856,5.319882197975752,0.0004586413690443391
NM_006801,2.0127724321361717,1.5269301631063491e-09
NM_057092,10.352446014342643,1.206448324458911e-09
NM_153448,5.937751323787513,0.00010983840330583311
NR_003024,10.974115335718215,0.004917325321038366
NM_004161,2.565966047253816,6.937453515598856e-11
NM_001130138,17.896355077867952,1.574903691028781e-07
NM_001324377,4.869587536573274,0.0021684635674996317
NR_135814,3.3703266565832233,0.023403477601344064
NM_024298,2.565275984323768,0.005803466845622173
NR_133008,46.18744618502894,0.004634921860161095
NM_001242757,2.118245055967625,5.727139406234533e-05
NR_027158,2.6283908021815003,1.8848201183953045e-07
NM_001005498,3.341831432607541,1.6669280295740195e-08
NR_134998,19.22437660477152,0.004843284287572076
NM_001317804,3.003224878166773,0.0038311234467453647
NM_001285485,2.776569269194917,0.000508287277702366
NM_001199377,2.4697716816008297,1.970884098149732e-12
NR_134330,2.747834509246641,0.023479032468159796
NM_002677,15.271782511777355,5.409990264837152e-12
NM_001042616,2.2351999074406836,1.4369791223247488e-05
NR_037629,3.08051423537984,0.01963263211495078
NR_134502,49.8203174479912,2.4874560565906555e-08
NM_001271007,8.916918204092994,0.0035688221440032183
NR_046574,35.662650143212986,0.003346847164911332
NR_045114,14.926682617373048,0.0004859643131918403
NM_001162491,2.5164652109830166,0.005224050839569933
NR_040671,2.912702184155224,1.8517108760646595e-12
NR_135921,5.35908886603048,6.832940067418362e-06
NR_125844,3.7896168478432113,0.02345550990911615
NM_020806,4.131038201233822,0.0001636003085989756
NM_001291840,2.4840833856465228,0.04508165413014489
NM_001004736,2.1276822341859165,0.010820714006484261
NM_144617,3.0013681721546406,0.002618431631643377
NM_006305,6.043471800339436,2.5698506786165943e-07
NR_125973,7.792306351453874,0.007843239977356298
NM_001193416,3.2269724946269056,9.400314287821693e-07
NR_109998,8.999985949004708,0.0053534109241910825
NM_001323067,10.632683053765899,2.9297178607580635e-07
NR_026792,4.3821948246769695,5.117992443444126e-05
NM_139323,2.606854071915611,2.369551996989798e-10
NR_106786,2.937814960833385,3.879761080947147e-05
NM_014335,4.123814576194794,1.774305339119946e-09
NM_000997,2.737887776554274,1.079436693985451e-12
NM_006855,2.4948181359723907,3.221556054696378e-07
NM_022566,4.812796506302458,2.3551127340859976e-11
NR_028138,60.7219216814504,6.011577932806886e-13
NR_040246,2.567674628783877,0.027496589488405394
NR_015430,3.0071326838036345,0.0005282590397579178
NM_007278,2.706164339598284,8.82637911868711e-10
NM_033126,3.632251553640363,4.0155735419519576e-11
NM_018475,65.47160952985503,4.080009646007282e-10
NM_001286159,2.2744823160709253,4.5398574432550886e-08
NR_125757,11.656848497736203,0.006337149276981328
NM_177974,7.886368553941764,0.00029406719604248727
NR_036480,2.025165123641513,0.0002829169760942016
NM_001321111,2.193267456417622,2.5363942860332165e-08
NM_152330,2.2452524967186673,1.5814222090519408e-05
NR_049815,91.59540705988968,0.009660658431127601
NR_038456,97.31547897562369,5.401654797491343e-11
NM_001302622,77.46686466837217,4.956092957358921e-08
NM_001292019,8.76919149734266,7.549629137755497e-07
NR_109805,10.083207313452421,0.00753712566198293
NM_001305625,2.192155611641914,3.81138486132581e-07
NM_006634,2.1693512132275687,0.0014958917413996642
NR_026873,3.8324291193536006,0.0001945053030563753
NM_001291311,3.437643032515981,2.6361575210565e-07
NM_018841,2.1882808138981322,1.9509797429037637e-05
NM_015388,3.2450422700167265,3.2397120369658256e-12
NM_004539,3.4196287708791586,3.246654004684707e-11
NM_145285,79.8807492968314,1.0509564227511014e-07
NM_080879,4.182288566962355,0.0004716692430668355
NM_001015,2.125552380833423,1.5339629432741426e-13
NM_003217,2.0220367857086856,8.952624427118241e-09
NM_001278599,2.001343159761649,0.0007238484606729733
NM_006270,2.8854068029388196,7.027194063655491e-07
NM_000660,2.7940853591015533,0.0012586610164711104
NM_016481,22.39229042315823,0.0007438075932316281
NM_001317184,10.0213197336924,2.171207962568186e-05
NM_001195138,2.8568569758828803,0.01765683742043654
NR_027451,2.711156351944852,0.0006761835097041966
NM_001791,4.945282896877848,3.921701296571736e-13
NM_001318374,9.26634769540039,7.12415020463198e-05
NR_104028,6.948170145283161,0.0002981505254283505
NM_000994,3.144150392936734,7.546370682484135e-13
NR_046728,6.314225928646544,0.004640881716296331
NM_031862,3.4646946755710637,0.0010096410327834684
NR_029477,9.485884539447149,0.0162254707249759
NM_001080451,2.2878315539059706,0.0012371405004945057
NM_013943,2.3796217861849804,1.357611646836645e-05
NM_014424,2.518320686316259,0.007610161138295505
NM_001796,5.48155797331709,0.0012276990450753357
NM_001305564,7.500797657163615,1.25818635970376e-06
NR_036513,3.0316808587996293,0.029188442811344344
NM_020203,2.3096835469981665,4.5819207865974445e-06
NM_012074,7.402149220858188,5.778488125229112e-07
NR_106877,21.05497678637689,6.10455420853972e-05
NM_015634,3.529745908984479,1.0941880936187662e-06
NM_021111,4.625071194441239,0.010025350274240072
NR_038080,2.6680989107128132,1.3375794209415731e-12
NR_038229,5.187633618035665,1.3746857859161062e-11
NM_000346,3.3481539457982614,0.002310027033323769
NR_037439,3.0377753256198643,0.04481561528270615
NM_001080950,3.17961585838925,1.5647233825667082e-07
NM_002163,3.51659599781256,1.0634417721544403e-11
NM_022843,3.916147634024937,0.0011673567183616597
NM_020198,3.397690341955692,3.096413479435639e-07
NM_203399,2.3794766354354433,0.005673253035655778
NM_001081976,188.9690963513305,0.000230178086754443
NM_000291,2.1687547585563025,1.791408970011702e-11
NM_001009186,3.745563009849148,1.3717759915613584e-08
NM_016129,2.4995247485882945,8.001958696862852e-05
NM_005801,2.0457151397790168,1.276572487545843e-10
NM_006423,2.3818417374505576,5.0165316556603045e-05
NR_028595,3.9100040104009284,0.007958086863857457
NM_016039,6.392580435073737,3.1718708532828678e-15
NR_028140,4.612599893749449,8.234168744381726e-05
NM_138467,7.831625873446078,0.00025694636699318967
NM_012325,8.120194644340394,3.20489147062018e-09
NR_037673,2.933672501019609,4.4167455780403705e-08
NM_001144945,2.31530176081081,2.981586677016845e-08
NM_000969,2.1496451541451864,1.3422214294796135e-10
NM_001098805,2.052450878007952,3.902418034451651e-06
NM_006870,3.2322996815164817,2.2440573634007034e-05
NM_001284396,2.4191859235263697,1.1128024084056502e-05
NR_036530,5.824292324114545,5.34132698553817e-06
NR_038914,2.0832257268499776,0.027728208808275513
NM_001320004,3.5166161408212617,0.02355692517664633
NM_001329400,5.781881302543177,1.578388813978742e-05
NM_001135654,76.86785285465938,4.5124422885812014e-10
NM_001310156,2.006607606477468,8.173063273399548e-07
NM_002659,11.904811972744232,0.0007518002217818475
NR_104674,10.416587137128808,0.0030446924237039923
NM_016494,2.7547994217983707,6.415912918382135e-09
NM_145168,2.7645180914662433,2.311900734734858e-12
NM_001305066,2.8030434089593497,5.0284106092842305e-08
NR_029376,7.273885344543895,3.248457115220556e-10
NM_003063,3.1992697494821716,0.011044143264251832
NM_030915,2.6041216848727733,0.007758940965410304
NM_001010844,5.805025447177658,4.9879937811295497e-11
NM_001145715,4.284394218915775,2.94541443466162e-05
NM_001011,22.943668711066177,2.1846901141310803e-09
NR_132337,4.430277548379236,0.017083554400579105
NM_001085,2.5669640883406077,0.00043059083235410666
NM_000040,9.635002929436002,0.0053318525892027315
NM_014225,2.307233148686518,2.1024253446954436e-08
NM_016010,7.343689229262032,1.0252378162468954e-07
NM_001283036,4.605155433489155,2.1381495841621482e-11
NM_003365,4.663326832776177,6.844841692906256e-09
NM_005742,2.345370850294523,7.631973850157084e-08
NM_001195541,3.647340481783755,0.00022220981446019345
NM_152836,9.272133062531791,9.29616996299731e-10
NR_027039,2.9233631635887503,1.702866010899807e-06
NM_001329923,2.163434644016744,4.282206790728295e-08
NM_004771,33.81679119952752,6.367768221818667e-07
NM_001277991,5.034664565769681,0.01377902632937356
NR_046783,3.4235369657700834,0.022709867146056387
NM_005765,4.033394294077803,3.895852592487216e-07
NM_006029,2.4793323276939256,3.955081840399228e-05
NR_132769,3.660729850212254,0.027611679604530787
NM_001307939,42.889455491973465,1.4869042946146253e-07
NM_022137,2.4808583956963157,1.711709181857832e-05
NM_199296,2.434019226847057,3.283996788217271e-12
NR_049759,3.1624615903291753,2.2088736702978328e-05
NM_001024452,8.633679423895122,1.7004252701340635e-05
NM_001330408,11.427856688193677,1.6819962075422468e-06
NM_001302633,2.0132485556324724,3.579736260629316e-10
NM_001256802,2.119363295060152,5.932677750212776e-09
NM_178509,27.143077196598313,0.012777519931149676
NM_198830,2.4788654794300724,8.826116005378073e-07
NR_046211,2.9847018402376815,0.010514950785497407
NM_005242,2.050696238250694,1.870585031731896e-11
NR_132422,2.414260375727934,0.025289571368503596
NM_001271044,8.485835540840881,0.0006607441830256298
NR_024608,17.190088472477008,4.910589132207792e-08
NM_001982,13.640990013104707,0.004218692806788715
NM_000992,2.1802493969057446,8.769082159284273e-06
NM_001271735,3.9308134655095164,6.388843082668814e-13
NM_152323,2.8960426639124743,0.0033321483640375207
NM_001079911,4.763716431579955,2.0507605664442255e-11
NM_001164416,34.94861317048185,1.3067317619303317e-06
NM_006936,3.3885417714158352,1.248822349936407e-10
NM_001184740,2.013655118144306,4.4078245882513227e-10
NM_024708,32.50766574694825,9.044023327537079e-05
NM_020188,10.663614353177579,0.0008921145962647475
NM_006668,17.756692424646566,1.972469039674563e-07
NM_001866,2.751065784530174,4.7202323725846045e-12
NM_003295,2.281206965538291,2.5989076265879612e-08
NM_001145515,2.957981337832744,0.001004890951679916
NM_001256721,2.969448385002113,5.544852904871571e-08
NR_074080,7.820280031486851,3.3166900203754198e-09
NM_001497,3.4853826722755388,6.109999124029809e-06
NM_001178081,2.6587623940014686,1.6194847108331938e-05
NM_001288976,2.931755857755754,2.0618309067319928e-08
NM_001012421,23.058041115374174,0.009610668523289546
NM_001198780,4.222849332724935,5.0855987760177125e-11
NM_007035,6.2663755308924385,1.5751027325001656e-10
NM_198467,3.468342736363537,5.344266243953726e-09
NM_020811,2.530503301617624,6.037887855149607e-05
NM_001080123,3.119237683765791,5.897707187884223e-05
NM_033643,2.3325000315543005,1.6002931658896398e-06
NM_014604,3.3679044830306286,1.2783032636118254e-08
NR_120363,2.0406133960139625,8.902285118772965e-11
NM_001031834,2.701318723353545,0.006178324590974773
NM_138403,2.4739766890162382,0.009418983026050185
NR_110127,3.0772169593437964,6.263397535952727e-05
NM_152545,3.475786423226228,5.506980516627896e-13
NM_001277226,30.192661936016854,9.137954732476161e-06
NM_021570,2.644381627766708,0.0006727062784793059
NR_036187,15.926183344665814,0.012944155650355874
NR_039703,3.2413217693877727,0.04352435521216023
NM_004772,2.8266549965672416,0.007219993728791871
NM_000682,50.27321338589332,6.739805597206561e-10
NM_032021,9.817293075612056,4.212696074873533e-06
NM_001079539,37.246253445728506,3.4163759324637437e-10
NR_024032,32.5992394606603,0.003191788441554473
NM_001284378,9.751830993735057,1.1277826780096518e-05
NM_001267864,3.4303053777080073,1.256441681705061e-06
NM_001064,3.5963369241701857,1.4333275302332365e-06
NM_001199580,2.990854762545814,0.002740278826573362
NM_015352,31.772132220189107,0.022722044134866233
NM_032149,4.810978912665032,4.5436924433741324e-05
NR_135069,11.09071276108591,0.00420848969333519
NM_001304725,5.497886020481053,2.0122662959976653e-10
NM_153696,2.336489211130887,8.113911242524695e-06
NM_016139,3.5716329329123653,2.7745065342762886e-08
NM_004452,2.2919508508053696,8.195393916072866e-12
NR_130915,47.73049717903982,2.3866005482027756e-10
NR_033976,2.5610508650691015,0.00018192181753076963
NM_001199345,5.494829993956719,1.8657441952163937e-06
NM_001286519,5.370245158537855,8.313852503823763e-10
NM_001243342,4.9112565068211005,2.3660441681743193e-10
NR_028270,2.34532073267856,0.008694128609687365
NR_110726,7.639854249310292,0.004560566556104348
NM_201998,2.7411313965724786,4.236220595454206e-08
NM_001193493,7.1547398924185694,0.024290034102610145
NR_126362,11.391456513006414,0.004480600272831235
NR_125760,4.014784004949614,0.007668408489399109
NM_006373,2.0790043845520643,1.5309300784195228e-05
NR_134282,9.140301404503779,0.0027420062223695056
NM_053274,3.8114281160523737,7.522925376020546e-05
NM_173549,3.7791769730260985,0.0001627666401798452
NM_001002246,2.6137368471368605,0.00018395671266943913
NM_006555,3.106085547340581,4.007594408990321e-09
NM_004990,2.57736595212868,1.1680783641068631e-05
NR_109771,2.0089433471026332,1.0182412120341862e-09
NM_199168,2.1871673243873704,0.0009506822355736195
NR_038383,5.4064027767865,5.993480627221088e-06
NM_002423,3.012140427065197,0.0032552149922375137
NR_126557,8.62579385010192,0.010718695970828624
NR_125909,4.048808414459915,1.015557202590327e-12
NM_203389,2.4351535006070044,0.00011427556738859201
NM_001278442,3.8841337083647884,1.547871493309392e-12
NR_038385,4.507953251225564,1.4381859790226298e-10
NM_001243007,5.9177185562347105,1.5475737372536586e-08
NM_031283,9.551558512111725,1.4073614953253308e-08
NR_110085,6.38915760157609,1.625087065545975e-11
NM_005051,6.085577142484078,3.3692207100973713e-10
NM_001286056,2.072157323671308,1.710660653436871e-05
NM_173812,2.1747159394166107,0.0009827102773254492
NR_049861,7.046292540035018,0.018498612444151113
NR_027353,3.236816261864219,2.081492263496458e-10
NM_025130,2.6714414324372293,7.799115581591578e-07
NM_001344,3.0384358884807536,7.542489622324997e-14
NR_110092,2.382589758548397,0.0005229920507213758
NM_001282445,2.1034403322234456,0.027584887152152814
NM_001166278,30.948733710039342,2.1322245094587177e-05
NM_001271507,4.4836706692770045,5.2460213546867815e-06
NM_018271,2.25231324711805,0.0037562635439298176
NR_104178,7.147801897475703,1.147394030017705e-06
NR_121211,4.144197972385485,0.0016820725421676185
NM_001170460,6.735424792206311,4.831095917580951e-07
NM_001278713,2.2444434893072467,1.829615966580395e-07
NM_017525,8.051630631846477,0.0002441839644594906
NM_014183,3.407830888541,2.82925383671408e-11
NM_003068,38.952985880314586,2.080144465184024e-09
NM_001042430,3.2672591758896274,1.3536070002881745e-09
NM_031272,2.39158078237548,0.013912332362644646
NM_001013642,6.45313694151318,0.0017329669976072842
NM_001076683,144.72245530912951,0.026258033086228483
NM_004545,2.6125500408498095,4.6015215466905825e-06
NM_001346978,2.3141454912080093,0.007207075679418021
NM_174952,3.9439635594600095,5.73746616968985e-05
NM_001320214,3.9822560930790294,1.6945506381244227e-13
NM_014944,4.705264930068759,0.0006343324344881332
NM_001004483,4.240105218252791,0.0028722034502238853
NR_039943,3.0114522419282252,0.04913136947555778
NR_125388,2.3449246835346718,1.373355458592019e-09
NM_016404,14.509968156535168,1.4822417837969076e-09
NM_001195234,2.887646927166586,1.789847295903452e-07
NM_001030010,14.970896235112363,0.035509873298782385
NM_020898,7.057287310721821,1.696684177721509e-05
NM_198955,10.215291385057585,3.296370584314994e-08
NR_135102,6.70670123643678,0.006930277991122726
NM_001416,2.693545723769664,1.0827695434347476e-07
NM_001127628,2.8091165271260436,0.000524709443111087
NM_025082,6.254359039684072,0.0024791437258722482
NR_045796,12.179576525606128,0.00013693083073803127
NR_024585,2.9149798992193503,1.4321462552270472e-12
NM_001177413,2.532253061633823,1.4739860318996977e-07
NM_153364,7.454893319130585,2.701675308169239e-06
NM_003134,2.5379869106636037,4.183404179176163e-12
NM_032929,4.20831515875004,0.002542230972586902
NM_206538,41.65417643661989,2.145076826496605e-07
NR_026846,2.448547744353507,2.3572044441730353e-07
NR_046678,4.133273108453104,0.009657815415100801
NM_001329455,3.664929685141123,6.667099555700127e-05
NM_001164464,3.0450875172646232,9.295290629603128e-05
NM_145872,2.4878580177896508,0.0004985855784409112
NR_126382,3.8823704461211213,0.011765396738986028
NR_036505,26.97246365666658,5.328171113684185e-10
NM_005548,2.632479723551381,1.6758220348544625e-09
NM_172059,2.780611547308168,1.7463850230232446e-07
NM_001001956,4.2276026037487995,0.0029564055664478405
NR_104998,16.319388610584586,0.004049141712450878
NR_031737,3.801374226445425,0.035656377328447036
NM_001012,2.1737046603547534,1.3937824512394283e-09
NR_028089,27.560058064114013,2.0864764352111993e-07
NM_004781,32.23014009927345,3.1179878092195415e-11
NM_001346642,3.7707159759765134,2.1626067531416255e-07
NR_136601,4.640036450529828,0.00015303504802369438
NR_110757,8.78001643705207,1.434166321312502e-07
NM_001004431,3.1192855669463166,0.003028264521019818
NM_001207074,2.2069966923080773,0.0014591038292156903
NM_001166102,5.6457180306432795,5.7717575813863357e-08
NM_000771,4.143557226506054,6.393520902973186e-06
NM_198318,6.946169483533372,5.008572478684572e-08
NR_109954,2.406265123585457,0.024147971357480667
NM_002047,2.44518050105641,4.168404270732996e-07
NM_012384,2.8640462433229996,0.018691811112920294
NM_002812,4.176299514105081,1.10829715333902e-11
NM_001145224,3.104278952621161,8.954328990629316e-10
NM_001191322,2.3905043457177464,0.0013444295115279073
NM_001270438,2.7819136383840415,0.003041502264315825
NM_006191,10.59683839491857,5.410609625528434e-06
NM_021827,2.952970808267134,3.622614297289457e-09
NM_004418,7.140894039611943,0.0023079822592617844
NR_120392,6.067359645210196,0.004532112802194113
NR_126337,15.639961229428806,9.501299324245071e-08
NM_001786,27.295592289733133,0.017764927869011803
NM_000521,2.415444695896089,1.8511549671453806e-05
NM_012181,2.6620207507227533,1.4931801473918728e-06
NM_152749,156.45098893533716,2.2848971807211084e-05
NR_110932,2.094098175626544,9.22047429679294e-05
NR_031632,3.142527118900826,0.04074001609040751
NM_004986,2.31044390490925,8.458396198396868e-05
NR_049798,25.57674179874946,0.010758886265616009
NM_000100,2.918548804382222,8.414987988462768e-07
NM_001291963,4.827312592068068,6.231446528258185e-09
NM_001100388,4.950406979503101,0.005964925492889319
NR_132105,17.896875971937025,0.001955845433409189
NM_000945,87.71116524133714,0.0009001546576689249
NR_036679,2.5237375587479627,0.0039969375744867055
NM_004954,10.47375810467337,0.005257716133995648
NR_120418,4.1329355027035,0.0023018863242694402
NM_001134231,3.0700778526525356,3.249874991029481e-05
NM_033293,3.789337185130251,0.008893696121661538
NM_153757,4.066033706128219,6.602258547340789e-07
NM_000981,2.1732563537960377,9.622544957813485e-10
NM_012112,6.46718242252574,0.009772247660182644
NM_003242,5.307667512518762,1.4078117546827101e-05
NM_001159380,690.2808588908598,2.2722706208474672e-12
NM_004770,3.0470729484717216,2.2651743078799244e-08
NM_001428,2.0127819476287634,2.397497232128502e-06
NR_051985,5.137263008643782,0.00012346421817223497
NM_004047,35.37810412621863,1.5235891310899348e-06
NM_001009997,2.6222270165838673,0.0026569956807185155
NM_001195131,13.591985346371665,4.1495573843260395e-06
NR_126369,3.0167068221466176,0.016979866353396975
NM_001267060,17.2567406402798,3.09209998240938e-12
NM_022144,3.0296832666292266,0.0009799639741594746
NM_014740,3.5751558511012687,2.7395400750007096e-07
NR_120462,3.480390216866676,0.012716385023571605
NM_013333,6.717358497299024,3.2474299511805265e-05
NR_039829,7.5772939036582345,0.01775071613199271
NM_007126,2.18400023774853,1.1526896370400471e-07
NR_133005,5.424752274937435,1.9224966725242708e-05
NM_022052,16.95850420608298,1.7908173854173845e-06
NM_001321413,12.02313875368984,0.003279162268207765
NM_001168401,2.306256426962614,0.019623991537762946
NM_001002036,2.255882228000228,0.0038570175669405057
NM_016639,2.9317578112693177,5.126240892922576e-06
NR_103744,10.861705638344905,0.0052867671898671744
NM_001329793,2.933674864105911,1.0432608903732624e-05
NM_001142565,5.832529271728769,0.005212264201588518
NM_001199111,3.551961043440502,1.3121892681235493e-11
NM_001202504,6.452151002247287,1.5677168579827396e-07
NM_025222,2.7004444751120587,0.0002636404391764163
NM_174898,2.1887644603019356,0.017816818084797636
NM_001286366,6.640533992530099,7.013671991887718e-06
NR_036098,6.486059248659753,0.019540529482113596
NM_181575,2.8289650653784317,2.916724622324244e-07
NM_001253383,3.546391338691297,4.5563466243107975e-11
NM_007065,5.128335161496401,1.1727365308344837e-09
NR_135068,30.628926188150075,0.014572818668833335
NR_037616,2.258713549227481,1.3747206577023045e-09
NM_144706,3.700254236257635,0.00019137863849022426
NM_018260,2.916618849218713,0.03390040447478146
NM_003405,2.77146127182068,7.436467532703745e-09
NM_001256387,7.461999424410422,6.1973627820787224e-06
NR_015448,5.130518322194212,8.951894990768614e-07
NR_026936,3.770312458654132,3.800627118009621e-06
NM_001190810,3.339535132738803,0.0423913007086529
NM_001323936,2.0466761338934023,0.020453260051002904
NM_005159,3.9834096360901183,0.029009271315022414
NM_017680,27.19084293854296,2.2199251842535747e-07
NM_001114403,8.52724618456175,0.0013309044846899867
NR_120559,12.239864623581417,0.0010489682361962474
NR_109930,2.1450894937145657,3.3464740224273527e-12
NM_181645,15.906378195375334,2.8287741462149e-11
NR_026837,5.449136373624011,2.113130502259685e-07
NM_001105580,2.995615114229944,0.00033131715063827787
NM_001113202,2.6228472917063685,1.29352113391694e-12
NR_136321,4.138970489276614,0.015230325625063643
NR_133566,40.52647599116223,0.00033271693979083455
NR_029671,10.128120964624122,0.017591036731404126
NR_077228,69.6693348361101,8.440010158573664e-11
NM_144732,3.105304441914605,1.1022106617346461e-06
NR_024096,5.354740602315069,3.873258635247803e-05
NM_002388,14.626364480835957,0.012247106928562167
NM_012245,3.6408221772180362,1.5007276007129566e-07
NR_046163,2.398266687319513,0.0020876727380553565
NM_014372,9.904699130607723,0.00018280641741894642
NM_001256497,55.793981025176194,1.4176583442944607e-08
NM_175617,2.907023113131021,0.010631091078138288
NM_152789,5.8548653235205395,8.485576270239969e-09
NM_173665,5.735393445967943,4.000351038219213e-08
NM_006148,2.189245954683968,9.494981053774137e-06
NR_110996,3.640428514121709,6.49654932009853e-10
NM_001136131,2.112035908566261,0.00019875559772713315
NM_006761,2.5172001892328058,8.180269076714016e-10
NR_126407,6.404607356867076,0.006854420927007978
NM_019107,2.45801807424077,2.0208771026813762e-05
NM_001256186,4.494822798347525,6.872269072356079e-12
NM_006432,2.5755752605737046,1.6380952225530967e-06
NR_037655,7.058083096552868,3.19537820108777e-13
NM_024702,4.011775841927245,1.4348313374439006e-12
NR_144432,6.603062973218224,2.5504848841743293e-08
NM_145918,2.0412644137343428,0.00020281741734365762
NM_001324490,3.746857942193424,4.68825136581005e-05
NM_007156,4.7028370214211055,0.005452655203609931
NR_031578,2.9460204746367276,0.04717809989548083
NM_001177948,2.9031884175754206,0.003682372739863823
NR_135002,4.105927193206132,0.010113260373695964
NR_103756,4.954711940845062,0.00010877684902194829
NM_001004323,2.2417159994063502,0.013727959219833183
NM_016230,2.210728530829722,0.0011763451716731005
NM_001329910,3.1907871139180632,7.743784465671285e-08
NM_207519,2.943529606856754,0.0005765520902426319
NM_207013,3.2807844729122864,6.133288835506456e-07
NM_016328,3.880087070569482,1.4304290032821953e-06
NM_021637,81.80775177384967,5.719299207764371e-07
NM_002708,2.430189369407054,7.441537416803802e-07
NM_183393,15.129274740864533,0.0017608079033727064
NM_153040,2.4859045432620146,0.00010690928375744942
NM_005329,4.222122816761063,3.7021384180751065e-05
NM_020820,107.66910014584639,0.025416430309572562
NM_001017,2.322735856404721,2.909474857939578e-09
NM_001291431,6.055448050299568,1.6550751012009861e-10
NM_001321240,9.5118554624829,2.602545908252346e-07
NR_047035,37.497455471983194,0.0008744530362813636
NR_033660,2.453251274544365,1.2581313132988218e-08
NM_002792,2.509663835735275,1.1050499531272393e-07
NR_120387,2.6122796869240568,3.173085029049742e-07
NM_017491,2.593869087105898,1.1248178697459443e-07
NR_073024,2.1419460420098413,2.1111019692908024e-09
NR_028492,2.740147779003908,4.0882864476432637e-07
NM_001275,3.599081999142866,7.953796391700165e-07
NM_147188,8.530948845381085,2.0650741537831956e-05
NM_000602,2.138674263078333,0.007377452280592581
NR_037444,6.761939439650054,0.018836846866082196
NM_001867,2.3266947440745245,2.4740996945062434e-08
NM_001256099,2.7357245998316717,0.005822695040184727
NM_001004482,4.216781737096884,0.0029728860584796817
NR_033962,24.013401259444276,6.720839918610373e-07
NM_001256124,4.51872360073383,8.98601864219271e-06
NM_002729,2.877323988691993,5.614150470358819e-05
NM_001318942,7.3036783431430505,2.6540430450129194e-13
NM_018648,3.2170492018931216,4.580508708665167e-10
NR_106911,3.7807380199111655,4.747151241668493e-08
NM_001284313,7.555436898222256,6.058853041655555e-10
NR_121651,45.097508552053576,0.0030275759466639766
NM_001005276,2.1015477652103587,0.017582971892015145
NM_001173541,3.0317883307845706,2.1868914360180304e-06
NR_103830,2.296647097909319,0.035427954527249166
NM_182810,2.1945922467833086,1.2377376729159772e-07
NM_012385,5.775211697353752,0.00019554320486239938
NM_006329,2.126845978495496,0.014566335323125767
NM_138374,5.604692055832157,0.017992782494185674
NR_037157,117.98877289143061,6.4694989130491095e-06
NR_110104,2.0591062733891863,0.0007260059412229848
NR_015340,2.9342632970187297,6.27385825468587e-05
NM_022122,7.150153931720201,2.9939961518322613e-05
NR_126361,2.8455350738465848,0.029783922126508697
NR_110655,2.535388867753623,2.227059414031278e-05
NM_000699,12.840067857759179,1.2810070441278969e-05
NM_001025238,7.479777884534822,5.492332807824691e-07
NM_001271921,2.2395456670153457,3.246028351238844e-09
NM_001008394,20.023952347649,0.0003475672385165186
NM_001300965,3.0522810728004903,0.021244891033960527
NR_077241,3.619716648463159,7.309834459094399e-05
NM_001330292,4.209389995612758,1.1365956335014437e-07
NM_001032,2.2241906733486587,4.6970867458409983e-07
NM_001301302,3.436084893738562,1.702691092312375e-12
NM_172347,3.3655639058238886,1.9504480393025955e-12
NM_203309,2.7572179714311025,7.623523042767285e-09
NR_028328,4.3675655874683805,0.002658524406250595
NM_001079524,3.934730512494913,0.00016506292610097325
NR_106957,11.878684328578366,0.01634652509443501
NR_144532,4.657076864877861,1.878413645259551e-08
NM_032510,11.569881439450638,2.1174424220986256e-09
NR_110039,19.521616748645705,4.6388016872044496e-05
NM_020186,9.55401362394006,3.1490901789409797e-06
NR_027341,4.111095508113517,1.1523759962081263e-06
NM_004966,3.688622054810988,2.822532587288018e-09
NR_038841,2.0915782668907945,5.129201094168171e-05
NM_153280,2.025361822923775,6.614078652893756e-06
NM_001997,2.094675010114195,1.3241288547187852e-06
NM_001287147,2.8509511139675707,0.002488717774374924
NR_029955,2.972148920987786,0.046528604290848145
NM_025057,2.018802153458883,3.849855048114046e-06
NR_131186,2.8471117718052947,0.012231797476537718
NM_001258216,2.4065197025467975,3.2136079677402505e-05
NM_000987,3.171931703134469,1.7422421793297124e-12
NM_003711,19.74982244145052,1.6995897583251945e-05
NR_046811,2.153901981106954,0.02451374968355642
NM_153354,5.526608133110551,6.726082872279462e-09
NM_003483,2.587974325809644,0.04018393126465998
NM_017763,13.037322230626932,0.004086014501166435
NR_125385,13.992294335127509,0.00011816824708888392
NR_039683,3.7638347201601583,0.034801778241910844
NR_046750,2.2907111522629884,0.045626182646454495
NM_001195427,2.8532259192323135,3.0467640595532384e-08
NR_003699,1363.9298422336803,0.007852299164240677
NM_007019,10.703237115555416,0.00487445408452489
NM_024043,3.066605996330828,1.1052284664997985e-06
NR_125373,2.963989281751843,7.077733511190673e-07
NM_002865,3.1679886519451346,0.001260442513981808
NM_001098200,3.5393327227291693,0.0002902616698275653
NR_038386,2.7238052848087686,0.0014416567996217906
NM_016311,8.450298318005823,4.43517296824385e-11
NM_024006,2.2173493368209747,7.624212740607697e-09
NM_001031709,5.245880132763126,1.839751797190132e-08
NR_037885,3.786918286928033,0.0021344514828776254
NM_006759,3.6467782042687196,2.118485925496818e-09
NR_039714,15.080659913498797,0.012878965529586804
NR_103791,2.6966942513335885,0.006986822322274936
NM_001146009,2.073213354128878,5.629277399565398e-07
NM_001006684,2.1557574041092136,0.001529533006015839
NM_014041,13.544887003108753,2.3619383849668322e-14
NM_001359,2.4446650428592966,0.00011052707099164973
NM_001271675,2.108387877854853,0.00019920397584715255
NM_173545,2.6197289159530994,4.213468878497701e-05
NR_073178,2.0708757711635215,9.920047983438846e-12
NM_007157,25.53993782720417,0.004608999630129845
NM_001017978,8.170980319265926,0.005216609428764582
NM_001042470,2.6965032309991144,1.371035803627505e-10
NR_121187,6.365370793307645,0.006177921914229094
NM_001129742,21.988823799630488,1.4962446915333435e-05
NM_001145160,2.225008866602463,4.263457720821792e-11
NM_001321145,2.059992992346371,0.026228796703752548
NR_033769,2.3378043341502885,0.00033862156461123363
NR_130732,5.7524546268441865,0.0008462420337538201
NM_001001961,4.818649735702277,0.001676759579932807
NM_001663,6.3791265606415575,1.6329719292386194e-05
NM_005274,2.227911377041391,8.861604952726063e-06
NM_001322243,2.248173467169044,3.0731530828218564e-07
NR_110603,2.4627940892013784,0.025612872842045803
NM_022356,2.213214653940368,9.427020565674469e-05
NM_020441,4.138004660939588,6.722880591923731e-05
NM_001317830,12.10273297331407,4.941708773656386e-08
NM_001161630,7.941485452351767,4.088391413766966e-09
NM_006196,2.1678666759423186,1.69905593499764e-11
NR_120585,2.2317232857386102,0.035288832030711495
NM_001243985,9.612756602739648,1.3767016738237021e-11
NR_002830,2.049950191938332,0.0003585108071331853
NM_198941,4.128691933388607,3.7613054532829973e-11
NM_001195605,2.832661506925567,0.02431568992060548
NM_002440,2.757727250137487,1.0957806419256812e-10
NM_207398,4.067807492703994,5.973382141978986e-10
NR_106748,3.889864734189337,0.031241650454528758
NM_006184,2.2205800492739414,2.8046242853183786e-08
NM_032600,8.094276668437486,0.00025992990437581767
NM_032840,26.97861773026565,1.511194184838442e-05
NR_024276,6.733089523346693,0.0005684062257394996
NR_110261,2.2893277409010833,2.5671433604399133e-05
NM_001001991,4.717056222099984,0.006255901938118203
NM_001253693,3.4179632932157658,1.083038109585376e-11
NM_001008,6.062394180213654,0.003222028840839165
NM_002415,2.811639640112179,3.114898694524607e-05
NR_026934,71.07984861874311,2.0218670243945624e-07
NM_024884,9.280631547832423,0.01785990034002374
NM_000990,18.45330063422096,4.801913672084832e-07
NM_005697,2.274619542362607,8.77605559515508e-06
NR_110559,5.083019538895167,0.005407749163607247
NM_003146,4.1335655210951145,9.79037478122071e-06
NM_015966,2.8838399042283798,1.37719677570995e-10
NM_170712,176.1554995766895,3.3620822467511514e-08
NM_000777,4.957091133863961,1.9350149564650723e-05
NM_015161,5.6517069571640555,0.0003774845112418036
NM_000667,3.7771022875740368,0.0002114271605241982
NM_001320596,2.0813192813777652,4.87193112246756e-12
NR_046653,3.085632276165472,0.015787668198336633
NR_038938,5.077953491818259,0.0005668799566304203
NM_001144062,5.407776850167833,1.4557229464848484e-11
NM_033239,2.3294239013399562,0.02108446765852472
NM_002999,5.430067617238468,9.685049066396314e-06
NM_000979,2.201980339917495,1.9924245712139988e-08
NM_006364,2.7032064282305526,9.094053364779739e-09
NM_001012979,3.209189629020382,0.0021565019152650074
NM_000769,3.673126435271717,1.7833847644684004e-05
NR_104154,2.1508802206388857,0.0005999091207417973
NM_001330426,2.7104649714302265,1.3418084227423607e-05
NM_139076,4.846153380036113,1.0879360039691353e-08
NM_001303048,2.457993031882621,2.7500001343677835e-09
NM_152326,46.8398617146169,8.630738398870055e-05
NM_005221,2.5038935384348964,0.0012676783261855442
NM_021603,18.309964636189854,0.00350956523849362
NM_025268,20.994320378438136,4.376062473861263e-05
NR_110852,3.263410191580502,6.1084693165848894e-12
NM_020163,2.073445600653874,0.04689940116074344
NM_004694,2.1256980962932643,0.00017558112364681242
NR_135128,2.774655713686979,0.00010399733507992736
NM_000770,4.636449956651325,2.6262169065794604e-06
NM_001013,2.1352743865416155,1.6672967153857091e-06
NM_001199745,3.934328312645488,1.921621125835668e-06
NR_037709,2.7494403778854126,4.465964435034925e-06
NR_046733,9.00192724228613,0.0012474314320156017
NM_005009,4.542145791170309,3.805792845028841e-08
NR_134997,18.284709670703133,0.0050912890229223426
NM_024886,6.704312113943471,0.00010173354752175539
NM_020425,3.498164854705326,5.079362053656362e-09
NM_023079,3.5928499289304203,1.1488187399041962e-12
NM_173204,6.613574339056373,0.005026548987758433
NR_120464,9.916606408202123,0.006239649004740191
NM_004472,3.538765173307027,0.00021830307225908547
NR_046877,9.263717363925764,0.003562396230194993
NR_000039,2.23523460592708,0.03482043791457734
NM_004933,9.25579800001498,1.432272253721136e-12
NM_002901,2.9198666685814607,1.4849028330291294e-06
NM_000863,2.985497033893263,9.24602655289271e-12
NM_014206,2.515326507660891,1.5258736410919962e-08
NM_005455,4.116488798527743,0.001379426330689866
NM_001031743,2.6516151645977053,1.0232919580827839e-07
NM_031992,2.126422570806876,5.994152085943433e-08
NM_032380,4.253448361012752,0.002715112393110474
NR_034067,5.590539547306115,0.0002979626339888403
NM_001276368,2.072848952822972,6.058556422352237e-05
NR_110095,2.213246537408579,0.011562207680428102
NM_003613,3.837001543536001,0.0001909999299320357
NR_037926,3.1829944389756193,1.5795725787888347e-07
NR_027004,8.499567790644033,1.6580037123693991e-09
NM_206808,3.48015998615962,0.0006289173463739693
NM_016188,3.93856825587586,0.00015827923942245904
NM_005102,10.248592066451648,6.230762027046841e-08
NR_110821,10.776387888828516,3.694868964934806e-07
NM_144612,14.966742955651883,0.03264639275017431
NR_125932,6.61270138346827,7.880679184881729e-05
NM_001030018,2.327717121576069,0.00016454750792770735
NM_153267,2.9564545676250065,1.4606144042658707e-06
NM_001323422,38.92080739179663,8.166278607917473e-14
NM_014440,15.27415432788158,0.0012763499758991406
NM_002425,14.893963617599209,4.9215831131858244e-05
NM_001206389,2.5408745888660467,0.013429518986120673
NM_003816,2.501222913978675,6.001762726294517e-06
NM_000745,6.950884007746682,1.013991060502365e-10
NM_001272082,3.4336216689586307,1.003355076830554e-08
NM_133503,4.7411929036705605,0.01902106511921187
NR_108036,4.361328870935607,0.0017506548015536194
NM_016026,26.544098736451154,8.404992952391267e-10
NM_001010987,2.694877074088739,4.138045621712137e-06
NM_001100607,4.834160922269185,1.6582828952544806e-07
NM_001330613,5.223920768334411,0.00838831525675702
NM_001278495,5.181832006624794,1.7108985288624016e-12
NM_001300930,142.34166189779475,3.837162787316861e-13
NM_001024607,2.5572803072257417,0.03618319476500078
NR_077225,6.348864611062998,1.0241925423811508e-07
NM_032538,17.323310427428993,0.03535521364937684
NM_005176,3.475250149100988,4.986271916299614e-10
NM_003753,5.136223224451644,6.616950987732346e-13
NR_031564,3.9906974699137043,0.031617529490410815
NR_136202,2.3187354173330306,0.02597392481141038
NM_001330453,2.2522236272211256,4.6467623680836055e-08
NR_039959,2.986480190633961,0.0483149115794467
NM_001330370,2.494748152519044,7.928151263978397e-12
NM_006053,2.7879080624050485,0.008874798144429557
NM_001317905,2.284599883945921,0.00017980803685036978
NM_014263,25.19971613714875,3.740266380064471e-08
NM_001291101,2.662005967448167,0.04018338704365697
NR_037930,2.2161473756399364,7.562792404569747e-12
NM_001048241,3.89914518824117,3.0048444171221895e-10
NM_005272,394.5102501234231,8.314829758346233e-05
NR_039719,6.620862404497267,0.019785982526875034
NM_005390,2.4378747302229957,0.0016337758466566463
NR_110756,2.744199743090298,0.0009605275462904103
NM_005959,2.2995637067345016,0.00027180438432752223
NR_104604,2.242667745853811,8.466463861996454e-05
NM_001005335,5.144187441908138,2.6878078911781442e-08
NM_012282,498.0040860797887,4.1450158156018824e-05
NM_004951,6.253774952993263,1.1402393576706767e-05
NM_004085,5.60590693328394,0.0030486411504533715
NM_001145311,14.859108643879296,1.2516904509863805e-12
NR_133571,8.542843126153889,2.4034087256149357e-06
NR_037470,42.79611550205578,0.009380424080593822
NM_014341,2.961593660748353,8.546543079253695e-09
NM_006868,152.47892199544017,2.2075210515568066e-05
NM_172069,44.061030991521264,0.03845796976908063
NM_001127716,3.174197243321204,3.8459553613486456e-10
NM_001297716,2.0768514372990876,3.4120613089158185e-11
NM_001255,17.3536720762454,0.007226046167744031
NM_001001674,2.511888576889723,0.010441185492852624
NM_001145144,2.19370456879819,5.373956390874093e-05
NR_037909,12.8990033667418,1.4324724214868963e-05
NM_001004,2.2850183042874197,4.4391894132544667e-07
NM_033282,3.2042976201482998,4.718534595562751e-09
NM_174976,3.717154045194803,8.127241442570661e-11
NM_001035258,2.157639115216209,5.508193348490286e-12
NM_001029870,2.284006668878785,3.040210400232447e-12
NM_015613,2.430833891144483,1.5037212488303372e-08
NM_024875,21.816074572612756,2.575810982586266e-08
NR_131233,2.356749205456271,0.031657535415383624
NM_006486,5.454975325408327,0.047926984931350204
NR_028350,3.118662761129569,0.0007060104011171212
NR_110295,3.8912168506515443,2.1536513216814826e-06
NR_111911,2.4413299196575013,1.2311369270773937e-05
NM_005722,2.1279048781351664,2.1413575298462551e-07
NR_049892,4.743410615443749,0.025849840903994257
NM_001347880,2.554699534685846,0.019679645326496607
NR_003719,3.4784764515530333,7.241117224252558e-12
NR_037506,43.13238082902412,0.009731545762680835
NR_030382,42.22475663691046,0.010928256449936438
NM_001007,2.313719471565349,4.7643671647103825e-07
NM_033200,2.4470811910084715,0.00397837669762347
NR_030303,3.3903227354871865,0.038503034648447884
NM_001003796,8.150462619877661,8.019617147756023e-12
NR_036487,3.263466255927396,0.0028264321718118046
NM_001122961,3.996927562792732,0.007263297200394531
NR_110113,7.935149358429676,9.379980409742271e-05
NM_006562,3.9361340942164182,0.0007258726759495974
NR_125796,4.299694312513936,0.0025545005090122884
NM_015701,9.609192332599175,3.217802829753039e-09
NM_002805,3.0280925002853567,2.859698397931807e-09
NM_001198696,2.100295768643742,8.762500850090092e-06
NM_152548,2.436571150025702,0.0005072129484367066
NM_005437,2.638936535204476,5.1711503929514214e-08
NM_005776,877.816236365446,1.255966174531671e-12
NM_145170,4.050557886285286,9.516559026918466e-09
NR_033938,7.488046912074742,4.837150218563142e-05
NR_046840,2.2367982712896675,0.049038092684847795
NM_001030009,2.550706319026053,2.87226734092658e-11
NM_001134693,2.087395971986957,5.5494175685679284e-11
NR_047700,3.223483764400559,0.01731380027102776
NM_152310,5.751333350449631,0.00021325018100635068
NR_144455,2.5710744364249223,0.0008798286956592271
NM_001984,5.273562861852433,2.3262352845545335e-14
NR_073202,9.002914823954551,0.048484998969079644
NM_183374,2.4716165992182693,0.0004441075641377989
NM_001322440,3.0089853218995017,2.9885817228351924e-07
NM_016176,4.30341707810434,4.189370308286407e-09
NM_006369,6.696235253793262,4.9967849643619323e-11
NM_000075,8.028319234559401,7.493630951810644e-09
NM_001297566,5.432360867972291,6.9001722073014176e-12
NM_198082,3.24390548995275,4.7778096884941596e-11
NM_024334,37.060756827176746,1.7229224400445821e-09
NM_021721,6.368218409157655,1.2066965795038106e-12
NR_144398,2.491901010784458,0.00021767280753499262
NM_001130058,6.506213483805997,8.998716036107751e-09
NR_126339,2.5683709824128407,0.016794828588665163
NM_207446,18.759669113057544,1.3032541831269713e-10
NR_027035,27.10404113036498,1.2554387591060814e-10
NM_001166504,23.692188268047826,1.1751126220089371e-07
NR_039830,8.97787037518573,0.01604470752626903
NR_131251,3.1361495596042857,0.015668600094356656
NM_004607,3.4324088933378785,2.396358306954725e-07
NM_007234,640.5181287786899,3.0213417510195007e-10
NM_012425,6.553543339253185,4.38393153337719e-09
NR_122110,6.061685634852714,3.49756176000692e-10
NM_001206992,8.794579129412325,2.932003815520952e-06
NM_144705,2.494705060161221,0.0006682544046633262
NM_001145212,5.784752307603424,2.7046815624608836e-08
NM_001178074,42.769207020083776,6.558582540472167e-05
NR_001575,7.289884561626476,0.007515263166333707
NM_152416,4.262593874388266,0.00022978031385985126
NR_046368,2.5406193417065763,0.04290280826851541
NR_135775,3.495996616149008,2.8182418917323315e-05
NM_003333,3.406353803650398,1.6066205497927363e-11
NM_002862,60.526645982397945,0.00043411455100332086
NM_001161528,9.750645157122905,2.3331396952131553e-11
NM_001163499,12.008032297184117,6.165517589472559e-07
NR_027068,2.671870583188839,0.015191749638125977
NM_002902,3.563263434451692,0.0001490513797131407
NM_004559,2.8879320797952364,2.03638439272776e-06
NM_001283034,5.409765009504846,0.00706577834792033
NR_047482,7.955908079291315,1.9225710876265772e-06
NR_027024,2.776294287674944,4.9843611458678425e-12
NM_001039656,2.1369437104573747,1.318877863958502e-05
NM_005034,2.1251738661045363,0.007234215365902563
NM_207368,2.4774162956785233,0.0003316057355388757
NM_012383,5.306286353265466,2.3892844940981484e-05
NR_110303,3.6928752769975968,3.3728892340913263e-06
NM_018100,5.276985148960396,0.04245094148410061
NM_001170640,3.9734865771318058,3.5484960114902974e-07
NM_001199786,3.3090480422579973,1.230133485198037e-07
NM_014770,2.870172001305128,0.006751571294455021
NM_001168474,320.1034046967913,4.474587600782077e-08
NM_001024628,3.702742210807085,2.175066635652733e-06
NM_002743,3.2136633049609595,5.572972102087486e-07
NM_002496,5.617776241829737,5.527072958212738e-05
NM_001698,2.667203533077833,0.009660817536621454
NR_102697,3.6214383654427524,0.015583473827861755
NM_001301081,2.3528104162151804,5.553828636763238e-08
NM_021196,2.8229857647113508,3.495785372619019e-09
NR_015444,4.127939968336875,1.1397259389756017e-06
NM_012293,2.130472368908257,0.00019843333721288837
NR_024280,3.9115710206920276,6.28827404131249e-08
NM_002755,4.820446105124984,4.744176715277093e-08
NM_001018,2.7323616201214596,6.111974437705823e-06
NM_020979,26.445679121943574,7.787134336764964e-07
NM_001191015,3.120781734633103,0.015217151602831968
NM_001003795,3.3368003688978383,9.464924150035564e-09
NR_031685,4.140851381646448,0.0302551318083993
NM_178520,4.013202900246122,9.102844761232254e-12
NM_013374,2.971243942209984,0.025897455605360463
NM_004339,2.0507078649417845,2.0768710097526813e-06
NM_001961,2.009338284013401,3.6866196819263653e-07
NM_002795,6.273337513974179,3.2727948764125744e-09
NM_013257,4.340150196719676,0.00041103909775891395
NR_044995,46.19902610239659,0.0011772643147003419
NR_023319,5.366592431760402,3.834164256459033e-09
NM_024070,4.001948843970539,0.00010778665069588563
NR_033760,4.755618840206844,0.014798838708333031
NR_036562,3.019291963885954,0.00701723186387263
NM_002138,2.350744491599058,2.5760750626034e-05
NM_001530,2.803371844220018,5.84699118718397e-06
NM_001135032,3.616879422088412,0.00026658950449759265
NM_002624,2.4992809133108698,3.077975204788269e-11
NM_000967,2.1089048015770313,5.11106557920083e-09
NR_027346,7.676826630656796,0.008178845148437785
NM_001271458,13.683002190645519,0.0005683094973066594
NR_110554,2.2673201870704514,3.68416788873536e-12
NR_073144,2.9594100689742424,0.002021733807079369
NM_000248,9.010054543543003,1.572158654746423e-05
NM_173348,2.383290568781364,0.002104352996633881
NR_125390,15.828117505587544,2.376519033884871e-08
NM_017727,71.8583160133272,8.114802032709445e-10
NR_126332,2.3497436086771986,0.044894746265335156
NR_110562,2.1192620212286593,0.013878539896793938
NM_001308393,5.22864366610411,3.0212191735618734e-14
NM_001330379,2.3136402775597564,0.018357027791072997
NM_022072,2.0793468385082705,0.020752156981377518
NM_001281720,2.0920888548249894,3.74090724272061e-09
NM_014747,76.95488644269793,0.03927107480417925
NR_120493,4.492219126111538,0.035501695029988026
NM_022726,3.9769228486401276,2.1699119714825584e-10
NR_144336,8.532692174902966,4.1144972111740177e-07
NM_001282489,2.6665238873451025,3.980141330625162e-08
NM_000365,2.1246194665795133,4.466816851898572e-09
NM_032409,13.209604241373732,1.9907437506765965e-07
NM_001032288,5.940496347098511,4.015231925259688e-13
NM_019059,10.433651339517404,2.6205220496905352e-11
NM_022132,4.273802315974193,0.0023958737503573754
NR_130940,7.881383539595148,0.018041220735551304
NM_025224,13.441853250897939,0.0006167074591515092
NM_001321092,2.10154526655175,0.003432230201029618
NM_006370,3.472947521320188,2.1956356110371463e-11
NM_015541,71.68872815438458,0.0071432904822826765
NM_001010,2.4034012956098625,6.817339672264852e-12
NM_001320916,9.434495198476439,7.839127558399777e-08
NM_006575,7.630405413808858,0.007277667338435325
NM_003187,7.8874405106219925,2.6824528004435135e-10
NM_018211,3.3939206586654906,0.00040899877260463667
NM_001242821,3.1032432318090075,0.021181947389430886
NM_006842,2.276508668181155,5.92818098515866e-10
NM_001256278,5.963881366106279,1.021780156558089e-12
NR_110106,3.52576461393462,1.7423387061525009e-07
NM_031273,7.300009588240786,0.00037570197244209667
NM_006407,3.0390869006324746,0.0002237345892285979
NM_001011553,5.689736233788521,1.2080996740805925e-07
NR_026891,6.331800644693718,0.02772711965298299
NR_034141,3.0485820103806036,0.005791246922854903
NM_201430,2.642419370500935,6.43712109480512e-08
NM_001284241,2.239199410509626,0.02714696798007688
NM_001159279,4.223789727369529,0.00516214841291742
NR_120324,4.016138587124322,2.6225754291364287e-05
NM_001023,2.2171068489667034,2.123945988900924e-08
NM_007100,5.021224179932821,3.197554663096906e-10
NM_001123377,3.552807056904016,1.1154702314458088e-12
NR_027121,6.370505707695254,0.021182349799062
NM_001097615,7.48205684229314,2.667024267670026e-05
NM_001171706,4.111013455622423,0.0021820659972503257
NR_038891,9.358748412618588,0.00010889788701579267
NR_024560,5.796865390638752,0.020198744121926605
NR_120587,115.02967298527471,0.003423088531460796
NM_001282142,6.498650803993093,4.2862055388404845e-09
NM_001007068,5.9581641871739714,3.34211397362448e-07
NM_004521,2.4552216472821873,0.000678588162797821
NR_136612,8.966253286789923,3.572631602584668e-12
NM_001304461,2.3464406860742444,0.0009279257698422399
NM_000326,2.016438007853079,0.0002506557684652014
NM_014713,2.8871096831742746,3.020569551541584e-07
NR_126345,5.7930910349672935,0.005482116947270916
NM_005324,2.131316215416734,1.9168515825263618e-07
NM_001297553,11.952970251441634,0.0014849014594728329
NR_132103,2.19827367668048,1.0363329838891744e-09
NR_033871,4.896937320985365,0.01210915748262398
NM_014453,5.914333877372632,6.109644357427494e-14
NM_001320322,2.3057287311052077,6.102921369617178e-08
NR_030413,5.243799232103431,0.02215805563682684
NR_036531,6.589386354193541,5.991289769851152e-06
NM_000354,13.950099405403925,2.355282505067824e-05
NM_152678,2.2711031434425535,0.041626093820126935
NM_001153,4.429687825516248,4.097317508023916e-07
NM_016484,10.060846769777605,7.799444214141073e-12
NR_023343,18.87077780832504,0.011680179505903656
NR_033932,7.75824000163691,3.790807621831037e-07
NM_015920,3.2881893125978805,9.967027524073464e-08
NM_021130,2.980650661504377,3.6364309144566033e-07
NR_034091,2.329318955649481,0.0005885962915006061
NR_109849,5.190986622396952,0.0028668616969487375
NM_001306153,8.790507350923486,1.2006435401341907e-06
NR_110174,7.601171594643338,0.00668200240858786
NM_006758,32.82648375808638,1.1477711455024176e-10
NM_003017,10.491170386665335,9.222779624481089e-09
NM_199242,27.27043881895083,3.0685455731378837e-07
NM_000099,2.9411698826280244,9.672111141353737e-08
NM_001105530,2.004786670158008,1.0894493222957263e-07
NM_000624,8.410156360531001,4.735246201735352e-09
NR_033833,2.819760929103846,8.082287003085909e-13
NR_033858,3.4592295680053518,4.969580529755292e-06
NM_004552,3.2877020571980946,1.734435722365078e-09
NM_138373,2.323104644715158,1.0707072470703497e-07
NR_110546,3.410319792800193,0.006840488869408344
NR_033943,3.777840707578748,4.9898284983101844e-05
NM_007026,110.63556171839066,1.0830488152410489e-10
NR_135091,2.501138276961277,6.96264350953548e-05
NM_001256566,2.80277462822558,0.010138127769090115
NR_120615,2.8384494690254827,0.00016768699442455966
NM_002167,2.3491272093386932,0.00262520968668026
NM_001286997,7.936338476534073,4.710627563664494e-05
NM_001330245,3.9592259742339264,2.095286958440468e-06
NM_138689,4.248453937645458,2.7478865494685283e-05
NM_004214,4.926441294606969,5.548672734927076e-10
NM_001265605,2.3149446690713327,1.573124463423888e-08
NR_125415,2.2613498793089777,0.027101363134180555
NR_102743,2.0034536776475087,0.016703673494883407
NR_039978,7.011326219952336,0.0020612860318972924
NM_014931,10.243645877657052,0.00729312233225915
NM_001003760,5.997600129466595,0.010661718490525832
NM_001537,2.1988011332965476,2.2351101907405586e-05
NM_001012968,2.1118035384480547,0.007200744745647937
NM_001001,2.6666889816601635,7.746092580501516e-12
NM_004133,17.058838336355826,1.3655015048596822e-08
NM_001308147,8.450282335443722,0.0006030780152999939
NM_001293,5.166623791749179,1.0328464716511652e-08
NM_006156,2.9263192423730326,3.970644920398292e-11
NM_001257268,4.149327681923106,0.0010348546102540164
NM_138815,28.82874914971108,8.768698083634715e-05
NM_001330236,2.2840168841322033,0.02582804445038149
NM_001291218,3.5822916020193163,0.000289392615753681
NR_024595,3.8576910327192273,1.3150417846102112e-09
NR_144513,2.410775569358635,3.055162853793975e-05
NM_145903,3.1851526589696717,0.0010779055698468905
NM_033668,2.171141776642333,7.882284999205598e-12
NR_002714,2.5753550634383373,1.2205379792350375e-12
NM_153362,2.550861822247702,2.1009993261697628e-10
NR_110077,2.2294776913776775,3.3005692323007255e-11
NM_001300973,3.195167996024463,1.910652608876121e-09
NR_029374,6.634361319997102,0.0011159145194735512
NM_153619,3.9525502814223588,0.04661522976127046
NM_001321117,2.537688769980551,0.009100864526579378
NM_178439,8.968045751929075,0.00011592293547072664
NR_028287,2.446691477216101,1.8817422163361943e-05
NR_047694,28.277170168566656,2.1621942139943033e-17
NM_001042437,2.79555790955898,0.0033065022568780672
NR_003038,2.685924182830633,0.008711805202434832
NM_001143940,27.988080484537058,0.0002854859589466498
NM_001318896,2.1459270163735584,0.00021694963523996805
NM_001303133,7.066669943722228,0.0027903247254695215
NM_080430,3.079857655257429,1.719990322860285e-05
NR_040071,2.5380374421763054,7.571767353225846e-11
NM_002133,14.925260541847365,0.003617673674018557
NM_001258343,6.37515333974517,9.259111559724655e-08
NR_030315,5.653834239806398,0.021153253401452098
NR_106770,2.163403821617442,1.4084470868670016e-05
NR_120677,5.891272594947821,0.012456299626041957
NR_026762,2.687104979962706,0.010306054159406917
NR_034095,2.264392824033141,0.0023820458787073263
NM_001185,2.7199369799833923,0.0021168113828581364
NR_132784,2.8653069502354533,3.28564835190782e-05
NM_052925,8.006294881510197,0.006363204405858028
NM_003837,2.4583819602441213,0.0019388000598131695
NM_000401,2.286205367249587,1.380070198317689e-05
NR_038881,2.9057808471389777,4.592418081110942e-07
NM_003182,2.150683747178784,0.007436525597954295
NM_001134670,10.073604946422533,1.001448684383762e-06
NR_030255,3.9555980393363814,0.03171174992035256
NR_126378,5.1554417774741115,0.005548660619292648
NR_047680,3.2972500447583952,0.00015641306934895206
NM_014255,4.789915093355207,1.157784170473145e-08
NR_120620,4.2275743446358565,0.0004671480950562049
NM_199203,5.922469638686652,3.136398896901519e-11
NR_045387,107.29023110393075,1.6699903284847034e-07
NM_001317026,3.7997537422884626,8.198532404076229e-05
NM_001324221,4.143626426153311,5.46471441190819e-11
NM_152565,2.8377921366608834,3.178180936014419e-09
NR_121568,3.2484411149621013,0.00012155577930364264
NM_001002916,2.5809504951418556,0.011262583338254148
NR_110731,6.933338586366671,5.311342188383818e-06
NM_001005918,21.668234331280694,0.014192512690218817
NM_052854,3.4826147769654168,1.0072839054811984e-05
NR_034034,6.485132916091975,4.831259145095383e-08
NM_001321441,2.994628798347751,1.8309025075585977e-10
NM_144721,5.773830456962137,2.120028263267406e-08
NR_033351,9.820376334955016,0.041207659741446016
NM_001243719,2.0588636935075235,1.6652825005536277e-06
NM_001451,4.287768403855262,4.2375348693411784e-11
NM_001257334,2.385387350941066,2.3987132410882076e-10
NM_001130725,3.3998076438058407,3.7975731108359774e-11
NM_001098725,2.3438491491181876,0.001821556703871062
NM_001291624,3.089145919549281,2.584085064963797e-05
NM_001013643,7.128291679055905,0.009555123050990657
NR_046780,11.912673217726706,0.008405350492606727
NR_135141,2.6855273965315933,0.02195697056357759
NM_138691,2.366977623544557,1.9828659061320944e-10
NR_024037,8.45480976170621,1.5726407457888098e-07
NM_001119,9.17529922972716,3.0552845726067833e-10
NR_135529,6.246031495894428,0.0028757701980957964
NM_014599,2.175243634075166,1.6629783580102664e-11
NR_077061,3.2221138978365023,0.00023220954559746267
NR_120483,2.9461168151622084,0.020714742234346238
NR_038438,2.0527963483840255,3.092478064019095e-06
NR_030640,4.3349243658450245,0.02843434841162649
NM_032171,3.031871926744504,7.429487661415418e-07
NR_121661,6.780240129848903,0.005233640863335426
NM_001185054,3.3618020847233434,0.001544419785389272
NR_125949,16.99548802211517,7.972452489440575e-10
NM_001001919,4.178116280901837,0.00301448832902512
NR_027001,16.29152571173559,5.170372266307329e-13
NM_001291977,4.898038907442874,1.278143781571308e-11
NR_027432,54.07894049795099,2.9308941953780446e-11
NM_002748,12.403891003684274,0.021182144167435104
NM_016065,2.8421916763595094,1.9533217063533944e-05
NM_002087,2.4674824995637605,6.310221901051393e-07
NR_135100,4.141120158168812,0.00745175400374967
NM_017700,11.008181175000972,8.571739052875681e-05
NM_001795,2.8443886812504355,0.00011088855011091038
NR_027435,5.292845354941138,2.625078367277056e-10
NM_002032,2.0485912638574546,0.0012822043998037182
NM_000968,2.0934784346405833,1.4549876215838054e-10
NM_012128,18.352355632247384,2.306694610742394e-13
NM_021079,3.5042085535807934,0.01965338567829076
NR_110160,3.740156986853126,0.01649418834970086
NM_007046,2.5396187906075802,0.0002584326861927335
NR_046583,3.7630060835973183,0.013241480760747515
NR_046407,2.289066757802501,0.036290512045594636
NM_016491,16.11058356321747,7.379519482561482e-11
NM_019021,16.790716509077217,0.003182663670334198
NR_036088,36.17184453535238,0.01111006187640098
NM_002618,3.080112232742151,0.03010447725438706
NR_046619,3.7733561811360365,0.016646590224338797
NM_001166621,13.567087213313757,2.9953287316778004e-14
NR_048541,2.305936783628597,7.516608710682143e-08
NM_144563,2.135089026004185,0.015217803320763803
NM_001170795,6.902900426158753,7.070554409627636e-12
NM_005216,2.6035743328125585,6.650895805402248e-12
NM_001256573,247.72555313213567,0.0006178751958530958
NM_001004481,4.2203900398316145,0.002966960086666914
NM_006386,2.728942805452846,1.3059876439640425e-06
NM_207321,3.4715858516160694,4.436953788867554e-05
NM_002626,2.868390797898379,1.0810244086621552e-05
NM_013236,13.66827523196385,2.3289915216620515e-08
NR_038948,2.8610199333097817,0.00027161988551850863
NM_001242361,3.6098336086463663,5.8019218605296365e-09
NR_034157,3.4706908783034485,1.1163106932972081e-06
NM_152445,4.16231833577314,9.047583828663174e-08
NM_005918,2.134607979536741,1.2667384836182773e-06
NM_001199691,2.633120066786397,0.00575392987724562
NM_013347,2.6924886531986565,0.0003881415600042057
NR_033990,4.381232372276555,0.0009750507944546412
NM_031275,39.47354756288193,0.0003282435809817695
NM_024092,3.615263900911247,2.492383010897116e-05
NM_001242939,4.360096089484844,0.006432789833350754
NM_152339,4.089489338472653,1.9825318368802105e-08
NM_003849,2.488219398983187,8.497731402394707e-07
NM_000988,2.1554073833874554,2.0849442302854436e-12
NM_006215,2.8356492145831367,9.00607499447025e-05
NR_003708,6.865298663291796,0.016791028368779985
NM_004308,5.452608852455057,4.724795700968598e-09
NR_135573,12.497919754440527,0.005731411143821424
NM_006826,2.522055080452161,1.306856465352218e-06
NM_001123364,12.292627562183165,0.0008385704902392997
NM_002166,4.341601998138985,5.203490511138222e-06
NM_001256892,3.233165688224444,5.84787085781762e-07
NM_001303524,2.475014586905428,1.7576119995663128e-05
NR_135194,3.2164968662300533,6.673372396318133e-09
NM_005313,2.1269848549265493,1.0998979768941e-10
NM_000978,2.423235203240334,1.0952926169372375e-12
NM_004331,55.90927381778278,1.0135070890163553e-06
NM_001143784,15.799257618094112,5.246468242497114e-09
NR_015342,11.52601173921911,1.8240203302331048e-10
NM_001300861,3.272577437395406,9.555540752770816e-08
NR_002941,2.4620843078963706,0.019089808427348743
NM_001282667,3.1547422877786944,0.010154795946317166
NR_077227,2.9599341033646636,0.0005218285794427063
NM_020154,7.252872699837613,1.1418523664334272e-10
NM_182398,4.3263806091203305,1.1199938193512961e-08
NM_003221,4.126931002233713,0.02285055241402458
NM_000372,2.4665319270331234,1.3990839235160177e-06
NR_038890,20.968991777111636,6.631372024657861e-08
NM_032411,3.1015347419846826,0.010072328075832582
NM_005796,3.4327356883642732,1.2363470894783101e-06
NR_120625,2.5274600693808815,0.032096313901533266
NR_126408,17.994943960004647,0.003653208598646847
NM_005762,2.4813003932790356,0.0001875443218629871
NM_001278301,2.2086745979750297,0.004279890223097243
NR_133664,2.0648813025752593,0.024261265433246304
NR_110374,3.964619324234248,0.002024684112828171
NR_126333,2.7194100266025973,0.008796760180850712
NM_015533,2.1753811574830917,0.015944132984820347
NM_020680,2.7038747032025494,4.271845457235185e-08
NM_001004441,108.09710140380481,3.557870313636577e-10
NR_024347,3.0260889432821023,3.315735963892909e-08
NM_006406,3.6812944682795847,1.1364681585462855e-13
NM_001552,2.6480775390341256,0.000554286916571935
NM_001320547,3.1072132169131894,0.00017696825468481832
NR_106814,5.073682955352381,0.026137228878358475
NM_001080425,7.225663587839205,0.021242552957744028
NR_002599,11.505514336617745,7.967361594874601e-09
NM_001244701,2.3979157933179165,0.0004355221162212135
NM_001265613,26.023753893523978,0.00014820357909327503
NM_001278921,3.039078267393658,0.0007761764853076291
NM_006743,2.7371537589927057,6.432715206515837e-08
NM_024939,2.9494267346025502,2.2561247175156105e-05
NR_046088,38.388496043111836,1.1002315777016027e-08
NR_126422,6.119736371767348,0.00716803118755968
NR_046546,15.149301461947955,0.00045796223932766664
NR_036444,3.927054927406866,7.734554417006191e-12
NM_001278166,2.3280700185477796,0.0027314532247327598
NM_001282584,2.5387920319883817,8.694586928183953e-07
NM_001243645,6.834537849309132,5.83840059633547e-08
NR_130749,2.221094000871635,1.4911407811670388e-08
NM_003839,2.585872710270544,0.004704142547693075
NM_004691,2.968808312038349,5.7953790390138594e-09
NM_001317231,228.0986519507512,2.1527361938013875e-11
NM_024533,2.5699743284858734,2.3112661652670833e-10
NR_033937,8.655372470441307,8.092593323671362e-08
NM_004929,5.811753037242488,1.6045787372879395e-10
NM_000158,2.1427856813681405,0.0001501327825558086
NM_001243892,2.222796192553411,4.0124933563574877e-13
NM_178861,2.8669973133600775,0.0009368934176709113
NM_030810,2.232293913656965,1.2277440848988764e-09
NR_135108,6.335240243337215,0.007672307049804533
NM_002949,14.539071188457845,0.0001255876474593331
NM_152429,15.583506511798813,1.1728385685547739e-10
NM_006835,2.1366095014472783,5.246860263144683e-07
NM_001297,13.150930490653582,0.0027377114352559848
NM_001258338,2.519965377230924,2.386888053199748e-07
NM_002811,2.9297167997685234,4.8212111389146154e-11
NR_103846,3.2624429558816432,0.018484193788640576
NR_120370,2.0587386812689967,9.184242600038698e-05
NM_003370,670.337711456316,9.323800454141608e-08
NM_001159644,4.0504864843931685,1.955254759075456e-06
NR_144867,39.851690718041894,0.002130900154298193
NM_005014,26.056546955741208,3.9611444844445885e-10
NM_152932,10.473918121076553,7.444435364731406e-11
NM_207117,6.212019135785145,1.3126159326397942e-05
NM_030789,2.5279839275462628,2.2092360026120845e-06
NM_001204450,6.01912366125127,0.014214700856107168
NM_145199,2.902007912457479,0.0037589349945395946
NM_031442,2.9202437640032133,0.011427894864515578
NM_001317196,2.0627351378321612,1.1548318759947157e-05
NR_120670,4.15799658508261,1.0166127909628293e-11
NR_134679,3.266919840759566,0.015267071845935216
NM_001284343,2.367319575888044,0.0004803258511791292
NM_001985,10.538124800249935,3.4127365465119353e-07
NM_014871,6.76083867651178,0.0218269974364111
NR_038985,4.25000985790242,1.1928975758363328e-06
NM_001145436,2.935331584936255,0.024933745896080873
NM_021814,7.4072020424680955,4.6950827004808537e-07
NM_022172,2.773317936907789,0.00049690305857427
NM_007001,10.576388323557458,0.0022061909079670477
NM_001423,2.542668187463957,1.2432393988351215e-05
NM_001319093,771.0493164563547,0.00031662088834663897
NR_106755,6.7409862516902095,0.01842155981524559
NM_001297599,4.531682835988349,0.03536001118519075
NM_001134493,10.2220161500494,1.1252810748168627e-12
NM_001195581,9.580673752654416,0.0038444858902865297
NM_001135196,2.352815438624265,0.048797897984688116
NM_001204173,15.495690633266792,0.0002839986212776896
NM_001166359,2.6978329543860307,4.292731423574972e-06
NR_037436,5.230966209751853,0.022722910625854353
NM_001285,11.268750607449908,2.5996757412917755e-13
NR_104131,2.088278734733589,0.0046330621605001465
NM_003757,4.083406737371827,3.5927067744950244e-11
NM_001128210,6.908471781630202,0.022810812301893697
NM_130787,2.8883370300507076,4.0060044711095834e-05
NM_022106,4.563222985382104,0.01153950956419326
NM_000232,2.134567709303389,0.00045028226138711647
NM_007227,178.05474695611002,5.176180254719428e-06
NM_002917,14.924673206018333,0.04073370073550554
NM_001012456,2.825370135159258,8.348663908884478e-10
NR_023389,2.613629405913635,0.0037442319226557333
NM_001164164,2.8386900996598556,0.0377187057553247
NR_003661,2.01606440064655,9.195886782891436e-06
NM_001271970,2.164320853006461,2.579420910620358e-07
NR_110158,114.68642679818485,0.0002483532401047692
NR_125339,5.115296778289855,0.0013424333189553193
NR_120401,4.661876465212147,0.008875704087035035
NM_001031803,2.840223150325369,1.9418773769681045e-08
NM_001039396,2.2544394239780905,0.007892267133180373
NR_046438,2.803130613801911,9.308537726930799e-05
NR_002932,83.15350229098445,0.001038092947804017
NM_006077,2.7767626406859174,4.297942876949643e-09
NM_152435,6.540298829408711,1.1364287307705543e-07
NM_014313,4.876288406476896,1.3012334164284543e-08
NR_033651,12.961306200846666,4.711103585849303e-05
NM_001300834,11.254806369207461,0.0012731229902513044
NM_000865,2.221643680884727,2.670601586222633e-06
NM_177533,3.721120915891378,0.011752920422114423
NM_001040875,5.051412184456153,4.0794474976169566e-08
NM_024685,20.28836898602058,5.106750969368963e-06
NM_001128925,15.349362433178982,2.8352644027082217e-09
NM_021571,2.389812735847447,0.026735072030587993
NR_003503,6.276154726335537,3.6443018872824193e-10
NM_001015072,2.3329708873517623,0.01727368353693181
NM_001004195,2.484374803407028,0.011577076987191345
NM_001277742,30.74124466256342,1.3765785818452045e-05
NM_001012978,2.1289530942586787,0.02702291741181166
NM_001178118,9.124553065017007,0.010000061942258946
NM_000432,6.144261961165706,0.002985306227303319
NM_199336,2.434388812599919,0.0035151467330238424
NR_033290,3.4333610113490254,2.3630558133781e-08
NM_001282539,2.6902183486670643,5.962812639544535e-12
NM_016497,6.863710893340568,3.327066425291021e-13
NR_028303,2.6375205577051584,0.025998045382588868
NM_005898,2.53625903951315,2.8413875463459096e-05
NR_003256,2.2780643006845556,3.6452051371051876e-07
NM_032251,7.157375557225379,0.00034107490950654627
NM_005421,3.1650660847623997,0.01441376022597843
NM_001276460,13.869173671249554,0.011770946136650346
NM_000984,58.45392231451113,3.278998407503774e-14
NM_001032295,56.19059006809112,0.0002884042493088856
NM_001306214,2.7383115232552937,1.8833066161290853e-05
NM_002137,2.738076847268963,2.662132809978205e-07
NM_000429,7.367469111783791,2.2905757500830994e-12
NM_001199302,9.30764229764662,0.01528418225713209
NR_106863,5.907547496351074,0.0007328765280736291
NM_001099403,9.448660097223556,2.714447811910325e-08
NM_001124,10.683887735609286,0.001977905187305165
NM_000783,4.863876543523966,1.7658909521470037e-07
NM_030775,12.88023897929479,0.0004047898607055343
NM_001282368,3.015585401825774,9.94218691681498e-11
NR_027379,4.412102575931517,6.601670280355603e-13
NR_135053,2.0939761884843535,0.03646932437175573
NR_104002,2.2125656291859066,5.659151908070457e-12
NM_001308,8.199843512004488,8.344176857656414e-06
NM_001002032,2.160954723196896,0.004087536899211825
NM_020799,4.094687811304071,0.01419130013419398
NM_001143760,2.535940930072075,1.625666615084202e-05
NM_080390,2.6696541696802814,0.005511985402614427
NM_001291993,14.220818152404965,0.00039476471814868763
